epoch,step,train_loss,train_loss_epoch
0,1220,0.05461740493774414,
0,2441,0.05678075551986694,
0,3662,0.04448661208152771,
0,4883,0.04596199095249176,
0,6103,,0.05172649398446083
1,6104,0.04482810199260712,
1,7325,0.0434267595410347,
1,8546,0.045062076300382614,
1,9767,0.042124856263399124,
1,10988,0.0438748300075531,
1,12207,,0.04357206076383591
2,12209,0.04191793128848076,
2,13430,0.04118182510137558,
2,14651,0.04153510183095932,
2,15872,0.04117351770401001,
2,17093,0.04070645570755005,
2,18311,,0.041248470544815063
3,18314,0.040877923369407654,
3,19535,0.039406199008226395,
3,20756,0.040167175233364105,
3,21977,0.03829044848680496,
3,23198,0.0392426960170269,
3,24415,,0.03910006210207939
4,24419,0.03776510804891586,
4,25640,0.03836585581302643,
4,26861,0.038448765873909,
4,28082,0.03706042468547821,
4,29303,0.037629932165145874,
4,30519,,0.03736176714301109
5,30524,0.03601304441690445,
5,31745,0.03610828518867493,
5,32966,0.036682963371276855,
5,34187,0.0357501357793808,
5,35408,0.03529396653175354,
5,36623,,0.035979095846414566
6,36629,0.034999433904886246,
6,37850,0.03503185883164406,
6,39071,0.03539639711380005,
6,40292,0.03397282212972641,
6,41513,0.034289710223674774,
6,42727,,0.03484073653817177
7,42734,0.03442065417766571,
7,43955,0.03272378444671631,
7,45176,0.03431675583124161,
7,46397,0.033031947910785675,
7,47618,0.03435467928647995,
7,48831,,0.03392979875206947
8,48839,0.03283119201660156,
8,50060,0.03273971378803253,
8,51281,0.03428097069263458,
8,52502,0.03365802764892578,
8,53723,0.033470455557107925,
8,54935,,0.033218953758478165
9,54944,0.032530009746551514,
9,56165,0.031794168055057526,
9,57386,0.032701779156923294,
9,58607,0.031640104949474335,
9,59828,0.032371170818805695,
9,61039,,0.03249727189540863
10,61049,0.03194800764322281,
10,62270,0.032658010721206665,
10,63491,0.033305034041404724,
10,64712,0.03140880912542343,
10,65933,0.032057806849479675,
10,67143,,0.03199462220072746
11,67154,0.031239282339811325,
11,68375,0.03051593340933323,
11,69596,0.032590609043836594,
11,70817,0.03110387548804283,
11,72038,0.03238711878657341,
11,73247,,0.03150767460465431
12,73259,0.03094697743654251,
12,74480,0.03006911091506481,
12,75701,0.031529463827610016,
12,76922,0.030698969960212708,
12,78143,0.032566606998443604,
12,79351,,0.03109472431242466
13,79364,0.029958073049783707,
13,80585,0.029909957200288773,
13,81806,0.031234556809067726,
13,83027,0.03002232313156128,
13,84248,0.030702704563736916,
13,85455,,0.030692564323544502
14,85469,0.029868148267269135,
14,86690,0.030133353546261787,
14,87911,0.030137766152620316,
14,89132,0.03010847233235836,
14,90353,0.030591977760195732,
14,91559,,0.030364250764250755
15,91574,0.030407708138227463,
15,92795,0.029421422630548477,
15,94016,0.030847154557704926,
15,95237,0.02926052175462246,
15,96458,0.030149731785058975,
15,97663,,0.030068345367908478
16,97679,0.02995322085916996,
16,98900,0.029385866597294807,
16,100121,0.030904285609722137,
16,101342,0.02975757047533989,
16,102563,0.029158148914575577,
16,103767,,0.02976071648299694
17,103784,0.029958592727780342,
17,105005,0.028631038963794708,
17,106226,0.030438151210546494,
17,107447,0.02893841080367565,
17,108668,0.02986702136695385,
17,109871,,0.029517121613025665
18,109889,0.029313459992408752,
18,111110,0.02907731756567955,
18,112331,0.03026125580072403,
18,113552,0.02900700643658638,
18,114773,0.02987082675099373,
18,115975,,0.02924695983529091
19,115994,0.02873101830482483,
19,117215,0.029034696519374847,
19,118436,0.02935999259352684,
19,119657,0.028105933219194412,
19,120878,0.028979839757084846,
19,122079,,0.029061170294880867
20,122099,0.02836468070745468,
20,123320,0.0286346897482872,
20,124541,0.02962271124124527,
20,125762,0.028138041496276855,
20,126983,0.029434049502015114,
20,128183,,0.028904419392347336
21,128204,0.028444044291973114,
21,129425,0.028538789600133896,
21,130646,0.028378698974847794,
21,131867,0.02855195850133896,
21,133088,0.029154397547245026,
21,134287,,0.028612062335014343
22,134309,0.028173398226499557,
22,135530,0.027526160702109337,
22,136751,0.029257968068122864,
22,137972,0.028268717229366302,
22,139193,0.029098473489284515,
22,140391,,0.028445029631257057
23,140414,0.028438333421945572,
23,141635,0.0271025151014328,
23,142856,0.027974026277661324,
23,144077,0.027963710948824883,
23,145298,0.028416067361831665,
23,146495,,0.028288953006267548
24,146519,0.027984077110886574,
24,147740,0.027686312794685364,
24,148961,0.027919109910726547,
24,150182,0.027771564200520515,
24,151403,0.028488270938396454,
24,152599,,0.028145868331193924
25,152624,0.027757707983255386,
25,153845,0.027638953179121017,
25,155066,0.02912207879126072,
25,156287,0.027575552463531494,
25,157508,0.027772553265094757,
25,158703,,0.028002457693219185
26,158729,0.028063349425792694,
26,159950,0.027293195948004723,
26,161171,0.028462514281272888,
26,162392,0.027306128293275833,
26,163613,0.028437254950404167,
26,164807,,0.027818042784929276
27,164834,0.026989435777068138,
27,166055,0.02730383910238743,
27,167276,0.028369180858135223,
27,168497,0.027729613706469536,
27,169718,0.0288394745439291,
27,170911,,0.027719790115952492
28,170939,0.027149643748998642,
28,172160,0.027362409979104996,
28,173381,0.02790646255016327,
28,174602,0.027457721531391144,
28,175823,0.028079885989427567,
28,177015,,0.027570927515625954
29,177044,0.027481596916913986,
29,178265,0.02753201127052307,
29,179486,0.02758871763944626,
29,180707,0.02669692039489746,
29,181928,0.028093552216887474,
29,183119,,0.027448026463389397
30,183149,0.026816323399543762,
30,184370,0.026976585388183594,
30,185591,0.028176885098218918,
30,186812,0.0273421723395586,
30,188033,0.0275728702545166,
30,189223,,0.02734566479921341
31,189254,0.02708536386489868,
31,190475,0.0259767547249794,
31,191696,0.027333121746778488,
31,192917,0.027016613632440567,
31,194138,0.02715839073061943,
31,195327,,0.027240386232733727
32,195359,0.027265068143606186,
32,196580,0.026876986026763916,
32,197801,0.027804547920823097,
32,199022,0.027181284502148628,
32,200243,0.02719455026090145,
32,201431,,0.02710879035294056
33,201464,0.02729296311736107,
33,202685,0.02660812810063362,
33,203906,0.026614312082529068,
33,205127,0.02689993381500244,
33,206348,0.027220051735639572,
33,207535,,0.02699955552816391
34,207569,0.0269454475492239,
34,208790,0.026505708694458008,
34,210011,0.02683711051940918,
34,211232,0.026093633845448494,
34,212453,0.027309171855449677,
34,213639,,0.02692217379808426
35,213674,0.026218879967927933,
35,214895,0.026402099058032036,
35,216116,0.028156917542219162,
35,217337,0.025870025157928467,
35,218558,0.026796571910381317,
35,219743,,0.026843227446079254
36,219779,0.026600301265716553,
36,221000,0.026369091123342514,
36,222221,0.02793339267373085,
36,223442,0.02638695202767849,
36,224663,0.026668481528759003,
36,225847,,0.02672670967876911
37,225884,0.025463590398430824,
37,227105,0.02671303227543831,
37,228326,0.026929158717393875,
37,229547,0.026303187012672424,
37,230768,0.027547063305974007,
37,231951,,0.026634613052010536
38,231989,0.026233090087771416,
38,233210,0.026741139590740204,
38,234431,0.027270391583442688,
38,235652,0.02687796950340271,
38,236873,0.027092913165688515,
38,238055,,0.026543764397501945
39,238094,0.026438184082508087,
39,239315,0.02625734731554985,
39,240536,0.026317372918128967,
39,241757,0.027003470808267593,
39,242978,0.027425067499279976,
39,244159,,0.026487380266189575
40,244199,0.02643587626516819,
40,245420,0.026067344471812248,
40,246641,0.026551317423582077,
40,247862,0.02615451067686081,
40,249083,0.026941780000925064,
40,250263,,0.0263991579413414
41,250304,0.025545284152030945,
41,251525,0.025766268372535706,
41,252746,0.026732366532087326,
41,253967,0.02622103877365589,
41,255188,0.026777952909469604,
41,256367,,0.02635960839688778
42,256409,0.02596309408545494,
42,257630,0.026200352236628532,
42,258851,0.026452790945768356,
42,260072,0.02526022493839264,
42,261293,0.026056455448269844,
42,262471,,0.026235271245241165
43,262514,0.025892037898302078,
43,263735,0.025998566299676895,
43,264956,0.026316562667489052,
43,266177,0.026291774585843086,
43,267398,0.026187336072325706,
43,268575,,0.026164477691054344
44,268619,0.026163486763834953,
44,269840,0.02573760598897934,
44,271061,0.025938868522644043,
44,272282,0.025932878255844116,
44,273503,0.02667379379272461,
44,274679,,0.026079609990119934
45,274724,0.026040490716695786,
45,275945,0.026109803467988968,
45,277166,0.02539530210196972,
45,278387,0.025964969769120216,
45,279608,0.026437457650899887,
45,280783,,0.026037024334073067
46,280829,0.025570426136255264,
46,282050,0.025496385991573334,
46,283271,0.026671063154935837,
46,284492,0.025393139570951462,
46,285713,0.02626955509185791,
46,286887,,0.025955164805054665
47,286934,0.02625100314617157,
47,288155,0.0262252539396286,
47,289376,0.02606324851512909,
47,290597,0.025499621406197548,
47,291818,0.026079170405864716,
47,292991,,0.025879519060254097
48,293039,0.025676179677248,
48,294260,0.025376390665769577,
48,295481,0.0256960466504097,
48,296702,0.02545331045985222,
48,297923,0.02598104253411293,
48,299095,,0.02585906721651554
49,299144,0.02543647587299347,
49,300365,0.025156661868095398,
49,301586,0.026327837258577347,
49,302807,0.025550775229930878,
49,304028,0.02641592174768448,
49,305199,,0.025774482637643814
50,305249,0.02607564628124237,
50,306470,0.02538386732339859,
50,307691,0.025693748146295547,
50,308912,0.0245155468583107,
50,310133,0.025982698425650597,
50,311303,,0.025676360353827477
51,311354,0.02529112994670868,
51,312575,0.025126785039901733,
51,313796,0.026086365804076195,
51,315017,0.025199012830853462,
51,316238,0.025929629802703857,
51,317407,,0.025619570165872574
52,317459,0.02529478818178177,
52,318680,0.0250958651304245,
52,319901,0.025713833048939705,
52,321122,0.025579404085874557,
52,322343,0.025621358305215836,
52,323511,,0.025591319426894188
53,323564,0.0256764255464077,
53,324785,0.025937944650650024,
53,326006,0.025107190012931824,
53,327227,0.024683088064193726,
53,328448,0.026037655770778656,
53,329615,,0.025552425533533096
54,329669,0.02535851299762726,
54,330890,0.025306781753897667,
54,332111,0.026283971965312958,
54,333332,0.02596132643520832,
54,334553,0.025627365335822105,
54,335719,,0.02548878639936447
55,335774,0.025537099689245224,
55,336995,0.025019288063049316,
55,338216,0.02606602944433689,
55,339437,0.025354482233524323,
55,340658,0.025704339146614075,
55,341823,,0.02543012611567974
56,341879,0.02536306530237198,
56,343100,0.024842407554388046,
56,344321,0.026034720242023468,
56,345542,0.025437267497181892,
56,346763,0.025590747594833374,
56,347927,,0.02539827860891819
57,347984,0.025036968290805817,
57,349205,0.025514638051390648,
57,350426,0.02564074471592903,
57,351647,0.025388190522789955,
57,352868,0.025543322786688805,
57,354031,,0.025288458913564682
58,354089,0.02490147203207016,
58,355310,0.025707704946398735,
58,356531,0.026152057573199272,
58,357752,0.025588661432266235,
58,358973,0.0257672481238842,
58,360135,,0.025307398289442062
59,360194,0.025127729400992393,
59,361415,0.02540656179189682,
59,362636,0.025431565940380096,
59,363857,0.02529522404074669,
59,365078,0.025773722678422928,
59,366239,,0.025230927392840385
60,366299,0.024938231334090233,
60,367520,0.02467566356062889,
60,368741,0.02585720643401146,
60,369962,0.02485467866063118,
60,371183,0.02577195130288601,
60,372343,,0.025198092684149742
61,372404,0.024930831044912338,
61,373625,0.024625293910503387,
61,374846,0.02563338354229927,
61,376067,0.025519024580717087,
61,377288,0.025151647627353668,
61,378447,,0.025156311690807343
62,378509,0.025000598281621933,
62,379730,0.024719201028347015,
62,380951,0.02560677006840706,
62,382172,0.024736342951655388,
62,383393,0.024851638823747635,
62,384551,,0.025092320516705513
63,384614,0.025017865002155304,
63,385835,0.025283604860305786,
63,387056,0.026114918291568756,
63,388277,0.025451134890317917,
63,389498,0.02482515200972557,
63,390655,,0.025072786957025528
64,390719,0.024105938151478767,
64,391940,0.024580776691436768,
64,393161,0.025105144828557968,
64,394382,0.024768520146608353,
64,395603,0.025237739086151123,
64,396759,,0.024977993220090866
65,396824,0.025131747126579285,
65,398045,0.024203691631555557,
65,399266,0.024603214114904404,
65,400487,0.025524726137518883,
65,401708,0.024771422147750854,
65,402863,,0.024979855865240097
66,402929,0.025215396657586098,
66,404150,0.024664757773280144,
66,405371,0.024625135585665703,
66,406592,0.02456749603152275,
66,407813,0.02497849054634571,
66,408967,,0.024959517642855644
67,409034,0.024844154715538025,
67,410255,0.024409150704741478,
67,411476,0.02434471808373928,
67,412697,0.02481757290661335,
67,413918,0.024372778832912445,
67,415071,,0.024868248030543327
68,415139,0.025147488340735435,
68,416360,0.024332251399755478,
68,417581,0.025414083153009415,
68,418802,0.02364569716155529,
68,420023,0.024971652776002884,
68,421175,,0.024843866005539894
69,421244,0.024106163531541824,
69,422465,0.024710381403565407,
69,423686,0.024969153106212616,
69,424907,0.024982575327157974,
69,426128,0.024995554238557816,
69,427279,,0.024807032197713852
70,427349,0.024928467348217964,
70,428570,0.024965249001979828,
70,429791,0.0257350355386734,
70,431012,0.024330899119377136,
70,432233,0.025891248136758804,
70,433383,,0.02475680038332939
71,433454,0.024377476423978806,
71,434675,0.02420777827501297,
71,435896,0.024981241673231125,
71,437117,0.024736259132623672,
71,438338,0.024701084941625595,
71,439487,,0.02472248300909996
72,439559,0.024065418168902397,
72,440780,0.024934476241469383,
72,442001,0.024788111448287964,
72,443222,0.024025332182645798,
72,444443,0.025404859334230423,
72,445591,,0.024710051715373993
73,445664,0.024258781224489212,
73,446885,0.024869369342923164,
73,448106,0.02498677372932434,
73,449327,0.024471614509820938,
73,450548,0.02525050938129425,
73,451695,,0.024645952507853508
74,451769,0.024574242532253265,
74,452990,0.024121999740600586,
74,454211,0.024516763165593147,
74,455432,0.024615595117211342,
74,456653,0.024863068014383316,
74,457799,,0.02461850456893444
75,457874,0.024469342082738876,
75,459095,0.024529561400413513,
75,460316,0.024950385093688965,
75,461537,0.024299824610352516,
75,462758,0.02460159920156002,
75,463903,,0.024597235023975372
76,463979,0.025096939876675606,
76,465200,0.02431180328130722,
76,466421,0.025024188682436943,
76,467642,0.02468983456492424,
76,468863,0.024144239723682404,
76,470007,,0.024549828842282295
77,470084,0.02455846592783928,
77,471305,0.025030311197042465,
77,472526,0.02485508844256401,
77,473747,0.024207046255469322,
77,474968,0.02509337291121483,
77,476111,,0.024505330249667168
78,476189,0.024092867970466614,
78,477410,0.024180661886930466,
78,478631,0.02543468400835991,
78,479852,0.024540947750210762,
78,481073,0.02460388094186783,
78,482215,,0.024485943838953972
79,482294,0.024332456290721893,
79,483515,0.02459581568837166,
79,484736,0.02456103079020977,
79,485957,0.02378319948911667,
79,487178,0.024717455729842186,
79,488319,,0.024476507678627968
80,488399,0.02474573254585266,
80,489620,0.024177096784114838,
80,490841,0.02465665712952614,
80,492062,0.02460196241736412,
80,493283,0.024157028645277023,
80,494423,,0.024407265707850456
81,494504,0.024061093106865883,
81,495725,0.024317484349012375,
81,496946,0.024707430973649025,
81,498167,0.02412116713821888,
81,499388,0.024898242205381393,
81,500527,,0.024393754079937935
82,500609,0.02392282895743847,
82,501830,0.02403644472360611,
82,503051,0.024395572021603584,
82,504272,0.02371835708618164,
82,505493,0.02475016750395298,
82,506631,,0.024335388094186783
83,506714,0.024003896862268448,
83,507935,0.024292604997754097,
83,509156,0.023890145123004913,
83,510377,0.024467261508107185,
83,511598,0.023808525875210762,
83,512735,,0.024341551586985588
84,512819,0.023687785491347313,
84,514040,0.023825976997613907,
84,515261,0.024878088384866714,
84,516482,0.02394610270857811,
84,517703,0.02477121539413929,
84,518839,,0.02428499050438404
85,518924,0.024396920576691628,
85,520145,0.023931503295898438,
85,521366,0.024341773241758347,
85,522587,0.024409137666225433,
85,523808,0.02444472536444664,
85,524943,,0.024273451417684555
86,525029,0.024058561772108078,
86,526250,0.02380245365202427,
86,527471,0.024375079199671745,
86,528692,0.024001535028219223,
86,529913,0.02429955080151558,
86,531047,,0.024208681657910347
87,531134,0.024411087855696678,
87,532355,0.023990269750356674,
87,533576,0.024642398580908775,
87,534797,0.024169212207198143,
87,536018,0.02465551346540451,
87,537151,,0.024217700585722923
88,537239,0.02369249425828457,
88,538460,0.0243091844022274,
88,539681,0.024427397176623344,
88,540902,0.0239332914352417,
88,542123,0.024762656539678574,
88,543255,,0.024177610874176025
89,543344,0.024234682321548462,
89,544565,0.023923402652144432,
89,545786,0.024908628314733505,
89,547007,0.024508588016033173,
89,548228,0.02457672730088234,
89,549359,,0.024165265262126923
90,549449,0.023785844445228577,
90,550670,0.024832142516970634,
90,551891,0.024656102061271667,
90,553112,0.02392306551337242,
90,554333,0.024695206433534622,
90,555463,,0.024164441972970963
91,555554,0.0240747332572937,
91,556775,0.023937014862895012,
91,557996,0.024090755730867386,
91,559217,0.023531362414360046,
91,560438,0.024645686149597168,
91,561567,,0.02405247837305069
92,561659,0.02420479990541935,
92,562880,0.024067653343081474,
92,564101,0.02441345900297165,
92,565322,0.024269958958029747,
92,566543,0.02378479205071926,
92,567671,,0.024109458550810814
93,567764,0.02352800779044628,
93,568985,0.023930363357067108,
93,570206,0.023924410343170166,
93,571427,0.024416208267211914,
93,572648,0.02402534708380699,
93,573775,,0.02406606823205948
94,573869,0.023710979148745537,
94,575090,0.023806897923350334,
94,576311,0.024253183975815773,
94,577532,0.023655254393815994,
94,578753,0.024301357567310333,
94,579879,,0.024022186174988747
95,579974,0.023420849815011024,
95,581195,0.023477699607610703,
95,582416,0.024098772555589676,
95,583637,0.02355588972568512,
95,584858,0.023998677730560303,
95,585983,,0.023978494107723236
96,586079,0.024089841172099113,
96,587300,0.023597631603479385,
96,588521,0.024445433169603348,
96,589742,0.023192334920167923,
96,590963,0.024110097438097,
96,592087,,0.02394060045480728
97,592184,0.023882422596216202,
97,593405,0.02292666770517826,
97,594626,0.023426735773682594,
97,595847,0.023549728095531464,
97,597068,0.024162160232663155,
97,598191,,0.023960676044225693
98,598289,0.023023344576358795,
98,599510,0.023802801966667175,
98,600731,0.023717232048511505,
98,601952,0.023878399282693863,
98,603173,0.024135474115610123,
98,604295,,0.02391081675887108
99,604394,0.02387838065624237,
99,605615,0.023317910730838776,
99,606836,0.023942790925502777,
99,608057,0.023197107017040253,
99,609278,0.023863324895501137,
99,610399,0.023868324235081673,
100,610499,0.05315912514925003,
100,611720,0.047923795878887177,
100,612941,0.048508986830711365,
100,614162,0.04762323945760727,
100,615383,0.04668488726019859,
100,616503,,0.04814966022968292
101,616604,0.046143606305122375,
101,617825,0.04699157923460007,
101,619046,0.04568975418806076,
101,620267,0.0471712127327919,
101,621488,0.045621320605278015,
101,622607,,0.045966800302267075
102,622709,0.044668857008218765,
102,623930,0.04508809372782707,
102,625151,0.04459120333194733,
102,626372,0.0442466139793396,
102,627593,0.04449757561087608,
102,628711,,0.044862598180770874
103,628814,0.04451249912381172,
103,630035,0.04414539784193039,
103,631256,0.04419694095849991,
103,632477,0.043467819690704346,
103,633698,0.04380909726023674,
103,634815,,0.04388512670993805
104,634919,0.043638668954372406,
104,636140,0.04305700957775116,
104,637361,0.04394441843032837,
104,638582,0.043032992631196976,
104,639803,0.04295613244175911,
104,640919,,0.04304169863462448
105,641024,0.04274296015501022,
105,642245,0.04240803420543671,
105,643466,0.04100368171930313,
105,644687,0.04263937845826149,
105,645908,0.041665829718112946,
105,647023,,0.042261045426130295
106,647129,0.04130249097943306,
106,648350,0.04262915253639221,
106,649571,0.042496368288993835,
106,650792,0.04144721478223801,
106,652013,0.04194929823279381,
106,653127,,0.041545622050762177
107,653234,0.040066298097372055,
107,654455,0.04094722494482994,
107,655676,0.04021913930773735,
107,656897,0.039775483310222626,
107,658118,0.04059058427810669,
107,659231,,0.04083641245961189
108,659339,0.04055275022983551,
108,660560,0.03980279713869095,
108,661781,0.040276192128658295,
108,663002,0.040575407445430756,
108,664223,0.04023515433073044,
108,665335,,0.04023662209510803
109,665444,0.039644405245780945,
109,666665,0.039866067469120026,
109,667886,0.039351582527160645,
109,669107,0.03955505043268204,
109,670328,0.03892034292221069,
109,671439,,0.03962685912847519
110,671549,0.03947483375668526,
110,672770,0.03889496251940727,
110,673991,0.037248168140649796,
110,675212,0.039353881031274796,
110,676433,0.039345331490039825,
110,677543,,0.03908442705869675
111,677654,0.038296256214380264,
111,678875,0.03926245868206024,
111,680096,0.038482360541820526,
111,681317,0.038485247641801834,
111,682538,0.03800266236066818,
111,683647,,0.03859119862318039
112,683759,0.03805279731750488,
112,684980,0.038064971566200256,
112,686201,0.03769334778189659,
112,687422,0.038606151938438416,
112,688643,0.03831353411078453,
112,689751,,0.038119811564683914
113,689864,0.03776799142360687,
113,691085,0.038272347301244736,
113,692306,0.03742532804608345,
113,693527,0.037765394896268845,
113,694748,0.037995364516973495,
113,695855,,0.03774285688996315
114,695969,0.03684335574507713,
114,697190,0.03710426762700081,
114,698411,0.037029556930065155,
114,699632,0.036959946155548096,
114,700853,0.037275783717632294,
114,701959,,0.03735506534576416
115,702074,0.0376286506652832,
115,703295,0.03693798556923866,
115,704516,0.03700589761137962,
115,705737,0.03735078126192093,
115,706958,0.03715422749519348,
115,708063,,0.037000253796577454
116,708179,0.03665859252214432,
116,709400,0.03728015720844269,
116,710621,0.036881785839796066,
116,711842,0.03719736635684967,
116,713063,0.03609713912010193,
116,714167,,0.03662215545773506
117,714284,0.03623351827263832,
117,715505,0.036310210824012756,
117,716726,0.0362122505903244,
117,717947,0.03686010465025902,
117,719168,0.03624049574136734,
117,720271,,0.03632447123527527
118,720389,0.0360688716173172,
118,721610,0.03612898290157318,
118,722831,0.03609190508723259,
118,724052,0.03588090091943741,
118,725273,0.03546644747257233,
118,726375,,0.03602218255400658
119,726494,0.03509575128555298,
119,727715,0.036408402025699615,
119,728936,0.03554142266511917,
119,730157,0.0355195626616478,
119,731378,0.03581808879971504,
119,732479,,0.03576108068227768
120,732599,0.0353432223200798,
120,733820,0.03543315827846527,
120,735041,0.035197000950574875,
120,736262,0.035406988114118576,
120,737483,0.035332582890987396,
120,738583,,0.035504940897226334
121,738704,0.034881480038166046,
121,739925,0.03462771326303482,
121,741146,0.034636322408914566,
121,742367,0.03479870781302452,
121,743588,0.034746862947940826,
121,744687,,0.03521396964788437
122,744809,0.0354880653321743,
122,746030,0.03528355807065964,
122,747251,0.03482857719063759,
122,748472,0.03536809980869293,
122,749693,0.035833992063999176,
122,750791,,0.03500579670071602
123,750914,0.03441670536994934,
123,752135,0.03525305911898613,
123,753356,0.03507251664996147,
123,754577,0.0338485985994339,
123,755798,0.034770555794239044,
123,756895,,0.03481341153383255
124,757019,0.034756287932395935,
124,758240,0.03526740521192551,
124,759461,0.034645047038793564,
124,760682,0.03528866916894913,
124,761903,0.03437233716249466,
124,762999,,0.03463940694928169
125,763124,0.03498315066099167,
125,764345,0.03410712629556656,
125,765566,0.03413254767656326,
125,766787,0.034651629626750946,
125,768008,0.03385080769658089,
125,769103,,0.03444559499621391
126,769229,0.03515312820672989,
126,770450,0.03364473953843117,
126,771671,0.03464633226394653,
126,772892,0.034198179841041565,
126,774113,0.0337696447968483,
126,775207,,0.03418205305933952
127,775334,0.033479660749435425,
127,776555,0.03424156829714775,
127,777776,0.03405135124921799,
127,778997,0.033171042799949646,
127,780218,0.0341796949505806,
127,781311,,0.03402905538678169
128,781439,0.03332497179508209,
128,782660,0.03379754349589348,
128,783881,0.03456821292638779,
128,785102,0.03365582972764969,
128,786323,0.03375176712870598,
128,787415,,0.03388061374425888
129,787544,0.033829666674137115,
129,788765,0.03361897170543671,
129,789986,0.03369472175836563,
129,791207,0.033726222813129425,
129,792428,0.033558331429958344,
129,793519,,0.03373849391937256
130,793649,0.03358744829893112,
130,794870,0.03377068042755127,
130,796091,0.033739153295755386,
130,797312,0.03393477946519852,
130,798533,0.033158376812934875,
130,799623,,0.03363238275051117
131,799754,0.03306344151496887,
131,800975,0.03373242914676666,
131,802196,0.03344222903251648,
131,803417,0.0335373654961586,
131,804638,0.032741744071245193,
131,805727,,0.03345074877142906
132,805859,0.03293310105800629,
132,807080,0.033187348395586014,
132,808301,0.03352503478527069,
132,809522,0.03337154537439346,
132,810743,0.03343398869037628,
132,811831,,0.03330790251493454
133,811964,0.03325630724430084,
133,813185,0.03266357630491257,
133,814406,0.03293118625879288,
133,815627,0.03319327533245087,
133,816848,0.03304865211248398,
133,817935,,0.033109743148088455
134,818069,0.03280967101454735,
134,819290,0.03315127640962601,
134,820511,0.03258218616247177,
134,821732,0.0333818644285202,
134,822953,0.03258397430181503,
134,824039,,0.033050231635570526
135,824174,0.03319650888442993,
135,825395,0.033610157668590546,
135,826616,0.03235967829823494,
135,827837,0.03251923993229866,
135,829058,0.03300948441028595,
135,830143,,0.03293163329362869
136,830279,0.033221736550331116,
136,831500,0.03240910917520523,
136,832721,0.03325255960226059,
136,833942,0.03175012022256851,
136,835163,0.03281398117542267,
136,836247,,0.032793931663036346
137,836384,0.032325997948646545,
137,837605,0.032580941915512085,
137,838826,0.03247365355491638,
137,840047,0.03253517299890518,
137,841268,0.03254107013344765,
137,842351,,0.032648831605911255
138,842489,0.032330404967069626,
138,843710,0.032144032418727875,
138,844931,0.032537348568439484,
138,846152,0.03252997249364853,
138,847373,0.032105885446071625,
138,848455,,0.03260766342282295
139,848594,0.033045485615730286,
139,849815,0.03282029554247856,
139,851036,0.032343268394470215,
139,852257,0.03289109468460083,
139,853478,0.03276829421520233,
139,854559,,0.032493289560079575
140,854699,0.03266192972660065,
140,855920,0.03335146605968475,
140,857141,0.03243979066610336,
140,858362,0.03253539279103279,
140,859583,0.03195970132946968,
140,860663,,0.03241068124771118
141,860804,0.03240327909588814,
141,862025,0.032206133008003235,
141,863246,0.03211381286382675,
141,864467,0.032047949731349945,
141,865688,0.03232265263795853,
141,866767,,0.032294053584337234
142,866909,0.03239009529352188,
142,868130,0.032187461853027344,
142,869351,0.03213809058070183,
142,870572,0.03183676302433014,
142,871793,0.031934261322021484,
142,872871,,0.03218982368707657
143,873014,0.03268131986260414,
143,874235,0.03224970027804375,
143,875456,0.03149396553635597,
143,876677,0.032003216445446014,
143,877898,0.03218022733926773,
143,878975,,0.03216676041483879
144,879119,0.03130757808685303,
144,880340,0.032283470034599304,
144,881561,0.031508952379226685,
144,882782,0.03235125541687012,
144,884003,0.03234264999628067,
144,885079,,0.0320366695523262
145,885224,0.0322762131690979,
145,886445,0.0319843590259552,
145,887666,0.031891483813524246,
145,888887,0.03065984696149826,
145,890108,0.031883321702480316,
145,891183,,0.03192434832453728
146,891329,0.03195412456989288,
146,892550,0.03144436329603195,
146,893771,0.03198106586933136,
146,894992,0.03207974135875702,
146,896213,0.03160908818244934,
146,897287,,0.031858280301094055
147,897434,0.03250935673713684,
147,898655,0.031872961670160294,
147,899876,0.0314999595284462,
147,901097,0.031018514186143875,
147,902318,0.03252653777599335,
147,903391,,0.0317801870405674
148,903539,0.0316176563501358,
148,904760,0.03134666383266449,
148,905981,0.032154928892850876,
148,907202,0.03152735158801079,
148,908423,0.031962838023900986,
148,909495,,0.03173162788152695
149,909644,0.0318603478372097,
149,910865,0.032540906220674515,
149,912086,0.03236512839794159,
149,913307,0.03150840476155281,
149,914528,0.03130289167165756,
149,915599,,0.03159042447805405
150,915749,0.031642846763134,
150,916970,0.031425975263118744,
150,918191,0.0313100665807724,
150,919412,0.032149024307727814,
150,920633,0.031399354338645935,
150,921703,,0.031559549272060394
151,921854,0.031813159584999084,
151,923075,0.03165252506732941,
151,924296,0.03177054226398468,
151,925517,0.03077809326350689,
151,926738,0.03172273561358452,
151,927807,,0.03148409351706505
152,927959,0.03113255649805069,
152,929180,0.031569428741931915,
152,930401,0.031173724681138992,
152,931622,0.031225312501192093,
152,932843,0.03235092759132385,
152,933911,,0.03141631558537483
153,934064,0.031148215755820274,
153,935285,0.030862674117088318,
153,936506,0.031685519963502884,
153,937727,0.03159716725349426,
153,938948,0.03191811963915825,
153,940015,,0.031360797584056854
154,940169,0.031554482877254486,
154,941390,0.03135651722550392,
154,942611,0.0311982911080122,
154,943832,0.030615471303462982,
154,945053,0.031088368967175484,
154,946119,,0.03130356967449188
155,946274,0.031306296586990356,
155,947495,0.031327687203884125,
155,948716,0.031060224398970604,
155,949937,0.031268246471881866,
155,951158,0.03130072355270386,
155,952223,,0.0312591977417469
156,952379,0.03115566447377205,
156,953600,0.03041045367717743,
156,954821,0.03099440596997738,
156,956042,0.031050942838191986,
156,957263,0.030957942828536034,
156,958327,,0.031188540160655975
157,958484,0.0314146988093853,
157,959705,0.03161827474832535,
157,960926,0.031859979033470154,
157,962147,0.03147592023015022,
157,963368,0.03108193725347519,
157,964431,,0.0311368890106678
158,964589,0.03128151595592499,
158,965810,0.03104037418961525,
158,967031,0.03155236691236496,
158,968252,0.03013956919312477,
158,969473,0.03131938725709915,
158,970535,,0.031061040237545967
159,970694,0.031449295580387115,
159,971915,0.030680973082780838,
159,973136,0.03074333257973194,
159,974357,0.03073066845536232,
159,975578,0.0314754918217659,
159,976639,,0.031030789017677307
160,976799,0.03066297434270382,
160,978020,0.030856478959321976,
160,979241,0.03131161630153656,
160,980462,0.030989572405815125,
160,981683,0.030346522107720375,
160,982743,,0.030969219282269478
161,982904,0.03070371225476265,
161,984125,0.031040620058774948,
161,985346,0.03023301437497139,
161,986567,0.031501661986112595,
161,987788,0.030308999121189117,
161,988847,,0.030916308984160423
162,989009,0.02955714613199234,
162,990230,0.03098762035369873,
162,991451,0.031055275350809097,
162,992672,0.03095749206840992,
162,993893,0.030831236392259598,
162,994951,,0.030886780470609665
163,995114,0.030253270640969276,
163,996335,0.030702434480190277,
163,997556,0.030820902436971664,
163,998777,0.03057398460805416,
163,999998,0.030476797372102737,
163,1001055,,0.03081487864255905
164,1001219,0.030412791296839714,
164,1002440,0.03151487931609154,
164,1003661,0.030609585344791412,
164,1004882,0.030698038637638092,
164,1006103,0.0299227274954319,
164,1007159,,0.030761219561100006
165,1007324,0.03071283921599388,
165,1008545,0.030954789370298386,
165,1009766,0.031057465821504593,
165,1010987,0.030422471463680267,
165,1012208,0.03035571426153183,
165,1013263,,0.03071870282292366
166,1013429,0.0312759168446064,
166,1014650,0.03029988333582878,
166,1015871,0.031064920127391815,
166,1017092,0.030106736347079277,
166,1018313,0.03068479895591736,
166,1019367,,0.030666550621390343
167,1019534,0.02945902571082115,
167,1020755,0.029962634667754173,
167,1021976,0.03051825985312462,
167,1023197,0.03082927316427231,
167,1024418,0.03036731854081154,
167,1025471,,0.030656402930617332
168,1025639,0.030191104859113693,
168,1026860,0.030627530068159103,
168,1028081,0.03034544177353382,
168,1029302,0.03013654053211212,
168,1030523,0.031024647876620293,
168,1031575,,0.030589310452342033
169,1031744,0.03065621852874756,
169,1032965,0.03005981259047985,
169,1034186,0.030579764395952225,
169,1035407,0.03048459254205227,
169,1036628,0.030351588502526283,
169,1037679,,0.030536729842424393
170,1037849,0.03113958239555359,
170,1039070,0.02996426820755005,
170,1040291,0.030145710334181786,
170,1041512,0.030234307050704956,
170,1042733,0.03034769371151924,
170,1043783,,0.030503198504447937
171,1043954,0.029947824776172638,
171,1045175,0.029988395050168037,
171,1046396,0.03115919977426529,
171,1047617,0.03102375939488411,
171,1048838,0.030794695019721985,
171,1049887,,0.03046264499425888
172,1050059,0.031212788075208664,
172,1051280,0.03098255954682827,
172,1052501,0.03075922280550003,
172,1053722,0.030286576598882675,
172,1054943,0.03105638548731804,
172,1055991,,0.03045020066201687
173,1056164,0.030349895358085632,
173,1057385,0.029824838042259216,
173,1058606,0.029858898371458054,
173,1059827,0.030864248052239418,
173,1061048,0.029871873557567596,
173,1062095,,0.03034617379307747
174,1062269,0.030187293887138367,
174,1063490,0.030888186767697334,
174,1064711,0.02998528815805912,
174,1065932,0.03020079806447029,
174,1067153,0.030610691756010056,
174,1068199,,0.030366715043783188
175,1068374,0.030410412698984146,
175,1069595,0.02978433296084404,
175,1070816,0.029689017683267593,
175,1072037,0.029962951317429543,
175,1073258,0.030233651399612427,
175,1074303,,0.030342547222971916
176,1074479,0.030180253088474274,
176,1075700,0.030007509514689445,
176,1076921,0.030167067423462868,
176,1078142,0.029673710465431213,
176,1079363,0.030327603220939636,
176,1080407,,0.030261904001235962
177,1080584,0.03055410459637642,
177,1081805,0.030325068160891533,
177,1083026,0.030642490833997726,
177,1084247,0.030084989964962006,
177,1085468,0.029870204627513885,
177,1086511,,0.030260972678661346
178,1086689,0.030352529138326645,
178,1087910,0.03009629435837269,
178,1089131,0.03031526319682598,
178,1090352,0.030417388305068016,
178,1091573,0.030399370938539505,
178,1092615,,0.030238529667258263
179,1092794,0.03060673177242279,
179,1094015,0.03009605035185814,
179,1095236,0.030522378161549568,
179,1096457,0.030645690858364105,
179,1097678,0.02954528108239174,
179,1098719,,0.030183199793100357
180,1098899,0.03044486977159977,
180,1100120,0.030400849878787994,
180,1101341,0.029793631285429,
180,1102562,0.029968969523906708,
180,1103783,0.02988993376493454,
180,1104823,,0.030146872624754906
181,1105004,0.030544230714440346,
181,1106225,0.029578041285276413,
181,1107446,0.029280299320816994,
181,1108667,0.030521098524332047,
181,1109888,0.02951502799987793,
181,1110927,,0.03011471964418888
182,1111109,0.03016940876841545,
182,1112330,0.030525214970111847,
182,1113551,0.029520634561777115,
182,1114772,0.030355609953403473,
182,1115993,0.02975466288626194,
182,1117031,,0.030095119029283524
183,1117214,0.03061969205737114,
183,1118435,0.029903920367360115,
183,1119656,0.0299471914768219,
183,1120877,0.030132848769426346,
183,1122098,0.03069901466369629,
183,1123135,,0.03004683554172516
184,1123319,0.030272481963038445,
184,1124540,0.03012215718626976,
184,1125761,0.030087491497397423,
184,1126982,0.030226508155465126,
184,1128203,0.029986370354890823,
184,1129239,,0.030053919181227684
185,1129424,0.029859665781259537,
185,1130645,0.03042967990040779,
185,1131866,0.030351094901561737,
185,1133087,0.030590157955884933,
185,1134308,0.03056008741259575,
185,1135343,,0.029981957748532295
186,1135529,0.030280563980340958,
186,1136750,0.02944832295179367,
186,1137971,0.029738649725914,
186,1139192,0.03004767931997776,
186,1140413,0.03041777014732361,
186,1141447,,0.02996792457997799
187,1141634,0.030239148065447807,
187,1142855,0.02964254468679428,
187,1144076,0.029414881020784378,
187,1145297,0.03009352833032608,
187,1146518,0.029454430565238,
187,1147551,,0.029951227828860283
188,1147739,0.029330529272556305,
188,1148960,0.02931152656674385,
188,1150181,0.029727093875408173,
188,1151402,0.02968967892229557,
188,1152623,0.030029259622097015,
188,1153655,,0.029920468106865883
189,1153844,0.029507510364055634,
189,1155065,0.030253097414970398,
189,1156286,0.029905308037996292,
189,1157507,0.03038676455616951,
189,1158728,0.030339837074279785,
189,1159759,,0.029852846637368202
190,1159949,0.029898758977651596,
190,1161170,0.03013017773628235,
190,1162391,0.030136926099658012,
190,1163612,0.029673252254724503,
190,1164833,0.03058641590178013,
190,1165863,,0.029812412336468697
191,1166054,0.029600732028484344,
191,1167275,0.029315199702978134,
191,1168496,0.028828183189034462,
191,1169717,0.02985871396958828,
191,1170938,0.03061509132385254,
191,1171967,,0.02981606312096119
192,1172159,0.029940377920866013,
192,1173380,0.030573155730962753,
192,1174601,0.03009837493300438,
192,1175822,0.029660599306225777,
192,1177043,0.029826316982507706,
192,1178071,,0.029821719974279404
193,1178264,0.029395589604973793,
193,1179485,0.02994539961218834,
193,1180706,0.030258603394031525,
193,1181927,0.029726305976510048,
193,1183148,0.029796283692121506,
193,1184175,,0.029747994616627693
194,1184369,0.029838107526302338,
194,1185590,0.0294327512383461,
194,1186811,0.02956327050924301,
194,1188032,0.029331330209970474,
194,1189253,0.029287781566381454,
194,1190279,,0.029727835208177567
195,1190474,0.030692223459482193,
195,1191695,0.029972154647111893,
195,1192916,0.029891442507505417,
195,1194137,0.029630955308675766,
195,1195358,0.02979379892349243,
195,1196383,,0.029750240966677666
196,1196579,0.029605906456708908,
196,1197800,0.029117034748196602,
196,1199021,0.029064966365695,
196,1200242,0.02996904030442238,
196,1201463,0.02979028783738613,
196,1202487,,0.02972007729113102
197,1202684,0.028695864602923393,
197,1203905,0.029820311814546585,
197,1205126,0.03003581054508686,
197,1206347,0.028980491682887077,
197,1207568,0.030199464410543442,
197,1208591,,0.029675684869289398
198,1208789,0.029932202771306038,
198,1210010,0.02970156818628311,
198,1211231,0.03057721257209778,
198,1212452,0.03005698323249817,
198,1213673,0.029938310384750366,
198,1214695,,0.029686151072382927
199,1214894,0.029636487364768982,
199,1216115,0.029550638049840927,
199,1217336,0.02976335771381855,
199,1218557,0.029782313853502274,
199,1219778,0.029870260506868362,
199,1220799,0.0296338964253664,
200,1220999,0.060933906584978104,
200,1222220,0.05248803645372391,
200,1223441,0.05193956568837166,
200,1224662,0.0522567480802536,
200,1225883,0.04816906526684761,
200,1226903,,0.05240045115351677
201,1227104,0.049191929399967194,
201,1228325,0.047086913138628006,
201,1229546,0.04828830063343048,
201,1230767,0.045724935829639435,
201,1231988,0.04749235138297081,
201,1233007,,0.04761067032814026
202,1233209,0.04754113405942917,
202,1234430,0.04553118348121643,
202,1235651,0.045100681483745575,
202,1236872,0.04672344774007797,
202,1238093,0.04647595435380936,
202,1239111,,0.04592350497841835
203,1239314,0.04545591026544571,
203,1240535,0.04386286810040474,
203,1241756,0.046411603689193726,
203,1242977,0.043596524745225906,
203,1244198,0.04478607326745987,
203,1245215,,0.04484483599662781
204,1245419,0.04347437992691994,
204,1246640,0.04392387717962265,
204,1247861,0.04464683681726456,
204,1249082,0.04276682063937187,
204,1250303,0.04367095232009888,
204,1251319,,0.0442022867500782
205,1251524,0.04270459711551666,
205,1252745,0.04499474912881851,
205,1253966,0.04300815612077713,
205,1255187,0.044069260358810425,
205,1256408,0.04407958686351776,
205,1257423,,0.043657589703798294
206,1257629,0.042674921452999115,
206,1258850,0.044746916741132736,
206,1260071,0.043785642832517624,
206,1261292,0.04198499768972397,
206,1262513,0.04380993917584419,
206,1263527,,0.04319038242101669
207,1263734,0.04288709908723831,
207,1264955,0.0432664155960083,
207,1266176,0.043692074716091156,
207,1267397,0.04282790794968605,
207,1268618,0.04183809459209442,
207,1269631,,0.04281066358089447
208,1269839,0.04385910928249359,
208,1271060,0.041118886321783066,
208,1272281,0.042622003704309464,
208,1273502,0.04281700775027275,
208,1274723,0.04165619611740112,
208,1275735,,0.04242302477359772
209,1275944,0.042240165174007416,
209,1277165,0.04194587841629982,
209,1278386,0.042979903519153595,
209,1279607,0.04193992167711258,
209,1280828,0.04176101088523865,
209,1281839,,0.042151790112257004
210,1282049,0.04315587878227234,
210,1283270,0.041917942464351654,
210,1284491,0.042223043739795685,
210,1285712,0.04211343452334404,
210,1286933,0.04270558059215546,
210,1287943,,0.04186972603201866
211,1288154,0.03993291035294533,
211,1289375,0.04229413717985153,
211,1290596,0.041950568556785583,
211,1291817,0.04018865153193474,
211,1293038,0.04201018065214157,
211,1294047,,0.041520681232213974
212,1294259,0.04040456563234329,
212,1295480,0.042615052312612534,
212,1296701,0.04087197780609131,
212,1297922,0.04239819198846817,
212,1299143,0.040571969002485275,
212,1300151,,0.04134572669863701
213,1300364,0.04160457104444504,
213,1301585,0.041898004710674286,
213,1302806,0.041046202182769775,
213,1304027,0.04153747111558914,
213,1305248,0.04142538458108902,
213,1306255,,0.04110546037554741
214,1306469,0.04069513455033302,
214,1307690,0.04172902926802635,
214,1308911,0.040248095989227295,
214,1310132,0.04060313478112221,
214,1311353,0.04165023937821388,
214,1312359,,0.040881894528865814
215,1312574,0.04086461290717125,
215,1313795,0.04111866652965546,
215,1315016,0.0401497408747673,
215,1316237,0.04053988307714462,
215,1317458,0.04039905220270157,
215,1318463,,0.04061396047472954
216,1318679,0.041424479335546494,
216,1319900,0.038980163633823395,
216,1321121,0.0407361164689064,
216,1322342,0.03994210064411163,
216,1323563,0.04124602675437927,
216,1324567,,0.04049446061253548
217,1324784,0.04171144217252731,
217,1326005,0.03906789422035217,
217,1327226,0.040659889578819275,
217,1328447,0.039927609264850616,
217,1329668,0.041218824684619904,
217,1330671,,0.040299393236637115
218,1330889,0.03928960859775543,
218,1332110,0.040547192096710205,
218,1333331,0.04096507653594017,
218,1334552,0.039274170994758606,
218,1335773,0.040727972984313965,
218,1336775,,0.0401340052485466
219,1336994,0.04031221568584442,
219,1338215,0.0392671599984169,
219,1339436,0.04023192077875137,
219,1340657,0.0406348817050457,
219,1341878,0.03923755884170532,
219,1342879,,0.0399964265525341
220,1343099,0.040488094091415405,
220,1344320,0.04144956171512604,
220,1345541,0.04058857262134552,
220,1346762,0.039722464978694916,
220,1347983,0.04103110358119011,
220,1348983,,0.03981059417128563
221,1349204,0.03805544972419739,
221,1350425,0.04044786095619202,
221,1351646,0.03960060328245163,
221,1352867,0.0391303226351738,
221,1354088,0.04013630375266075,
221,1355087,,0.03966732323169708
222,1355309,0.03828512877225876,
222,1356530,0.04026847332715988,
222,1357751,0.03941609710454941,
222,1358972,0.03867374733090401,
222,1360193,0.03869754076004028,
222,1361191,,0.03948832303285599
223,1361414,0.039486534893512726,
223,1362635,0.03849812597036362,
223,1363856,0.03987697511911392,
223,1365077,0.039563991129398346,
223,1366298,0.0383969321846962,
223,1367295,,0.03938344120979309
224,1367519,0.039041224867105484,
224,1368740,0.03968768194317818,
224,1369961,0.039347946643829346,
224,1371182,0.03944889083504677,
224,1372403,0.039730388671159744,
224,1373399,,0.03923990949988365
225,1373624,0.03783724829554558,
225,1374845,0.039528414607048035,
225,1376066,0.04016193747520447,
225,1377287,0.040047600865364075,
225,1378508,0.038710542023181915,
225,1379503,,0.03916512429714203
226,1379729,0.03872358053922653,
226,1380950,0.03927824646234512,
226,1382171,0.0383371040225029,
226,1383392,0.03919057920575142,
226,1384613,0.03946583345532417,
226,1385607,,0.039014771580696106
227,1385834,0.0379214882850647,
227,1387055,0.039039187133312225,
227,1388276,0.039537977427244186,
227,1389497,0.03848714381456375,
227,1390718,0.0394236221909523,
227,1391711,,0.03885279595851898
228,1391939,0.03914705663919449,
228,1393160,0.03936430811882019,
228,1394381,0.03854115679860115,
228,1395602,0.039040300995111465,
228,1396823,0.03886953741312027,
228,1397815,,0.03873182833194733
229,1398044,0.03857173025608063,
229,1399265,0.03858328238129616,
229,1400486,0.03916153311729431,
229,1401707,0.03774954378604889,
229,1402928,0.03977429121732712,
229,1403919,,0.038640957325696945
230,1404149,0.03820662945508957,
230,1405370,0.039430081844329834,
230,1406591,0.03891421854496002,
230,1407812,0.03983797878026962,
230,1409033,0.03858758509159088,
230,1410023,,0.03851142153143883
231,1410254,0.038762860000133514,
231,1411475,0.03892171382904053,
231,1412696,0.03743115812540054,
231,1413917,0.03917548060417175,
231,1415138,0.03716978058218956,
231,1416127,,0.0384356863796711
232,1416359,0.03936765715479851,
232,1417580,0.038571134209632874,
232,1418801,0.03837310150265694,
232,1420022,0.037185586988925934,
232,1421243,0.037588972598314285,
232,1422231,,0.03829651698470116
233,1422464,0.03954390436410904,
233,1423685,0.03853531926870346,
233,1424906,0.03756839781999588,
233,1426127,0.038535647094249725,
233,1427348,0.04005096107721329,
233,1428335,,0.03820155933499336
234,1428569,0.03781925141811371,
234,1429790,0.0379573218524456,
234,1431011,0.03824426233768463,
234,1432232,0.037836723029613495,
234,1433453,0.038677558302879333,
234,1434439,,0.03814012557268143
235,1434674,0.03649333864450455,
235,1435895,0.039137374609708786,
235,1437116,0.038130804896354675,
235,1438337,0.03833472728729248,
235,1439558,0.03835504874587059,
235,1440543,,0.03803477808833122
236,1440779,0.03747807443141937,
236,1442000,0.03902982920408249,
236,1443221,0.03745564445853233,
236,1444442,0.03911598026752472,
236,1445663,0.03831715136766434,
236,1446647,,0.03791150078177452
237,1446884,0.03834716975688934,
237,1448105,0.03787774592638016,
237,1449326,0.03755515068769455,
237,1450547,0.038901492953300476,
237,1451768,0.03680466488003731,
237,1452751,,0.037859369069337845
238,1452989,0.03821934387087822,
238,1454210,0.03824760764837265,
238,1455431,0.03742127865552902,
238,1456652,0.03621277958154678,
238,1457873,0.03844956308603287,
238,1458855,,0.03770795091986656
239,1459094,0.03853856772184372,
239,1460315,0.03664664179086685,
239,1461536,0.036401111632585526,
239,1462757,0.03858179599046707,
239,1463978,0.03720167279243469,
239,1464959,,0.03766782209277153
240,1465199,0.038713544607162476,
240,1466420,0.038188010454177856,
240,1467641,0.03664371371269226,
240,1468862,0.03802671283483505,
240,1470083,0.03748699277639389,
240,1471063,,0.03759532794356346
241,1471304,0.03802761435508728,
241,1472525,0.03732661157846451,
241,1473746,0.03835722804069519,
241,1474967,0.03595995903015137,
241,1476188,0.036268897354602814,
241,1477167,,0.03751787915825844
242,1477409,0.0381946861743927,
242,1478630,0.03718702495098114,
242,1479851,0.03807102516293526,
242,1481072,0.038067445158958435,
242,1482293,0.03792848438024521,
242,1483271,,0.037442781031131744
243,1483514,0.03766871988773346,
243,1484735,0.03658385947346687,
243,1485956,0.038607463240623474,
243,1487177,0.03683428466320038,
243,1488398,0.038146212697029114,
243,1489375,,0.03739018365740776
244,1489619,0.03661520779132843,
244,1490840,0.038132697343826294,
244,1492061,0.03748711943626404,
244,1493282,0.03582621365785599,
244,1494503,0.036959998309612274,
244,1495479,,0.03732538968324661
245,1495724,0.03634737804532051,
245,1496945,0.0375676304101944,
245,1498166,0.03651160001754761,
245,1499387,0.03767886757850647,
245,1500608,0.03604704141616821,
245,1501583,,0.03720230609178543
246,1501829,0.03826015442609787,
246,1503050,0.03621424734592438,
246,1504271,0.0378790944814682,
246,1505492,0.037520356476306915,
246,1506713,0.03665480762720108,
246,1507687,,0.037204716354608536
247,1507934,0.037841491401195526,
247,1509155,0.03692350536584854,
247,1510376,0.0379762127995491,
247,1511597,0.03647296875715256,
247,1512818,0.0373050831258297,
247,1513791,,0.037096548825502396
248,1514039,0.037233952432870865,
248,1515260,0.03588578850030899,
248,1516481,0.03755270689725876,
248,1517702,0.036265864968299866,
248,1518923,0.03789465129375458,
248,1519895,,0.03706502169370651
249,1520144,0.036830417811870575,
249,1521365,0.036060214042663574,
249,1522586,0.03790337219834328,
249,1523807,0.03525678068399429,
249,1525028,0.036881223320961,
249,1525999,,0.036960627883672714
250,1526249,0.03742694854736328,
250,1527470,0.03621920198202133,
250,1528691,0.0377972312271595,
250,1529912,0.0377945601940155,
250,1531133,0.037312306463718414,
250,1532103,,0.03687411546707153
251,1532354,0.03637898713350296,
251,1533575,0.03729915991425514,
251,1534796,0.03641285002231598,
251,1536017,0.0373486690223217,
251,1537238,0.03667339310050011,
251,1538207,,0.03690902143716812
252,1538459,0.03778984025120735,
252,1539680,0.037634506821632385,
252,1540901,0.03564157709479332,
252,1542122,0.0371382012963295,
252,1543343,0.035677384585142136,
252,1544311,,0.036813609302043915
253,1544564,0.03743402659893036,
253,1545785,0.03718240559101105,
253,1547006,0.03534167259931564,
253,1548227,0.035102520138025284,
253,1549448,0.03605884686112404,
253,1550415,,0.03674906864762306
254,1550669,0.03688529133796692,
254,1551890,0.0358835831284523,
254,1553111,0.038028329610824585,
254,1554332,0.03696908801794052,
254,1555553,0.036021750420331955,
254,1556519,,0.036670178174972534
255,1556774,0.03720476105809212,
255,1557995,0.03548078238964081,
255,1559216,0.03575906902551651,
255,1560437,0.03766750916838646,
255,1561658,0.03546350449323654,
255,1562623,,0.03667185828089714
256,1562879,0.03667598217725754,
256,1564100,0.0352826789021492,
256,1565321,0.03757781162858009,
256,1566542,0.03679770976305008,
256,1567763,0.03754844889044762,
256,1568727,,0.03657413274049759
257,1568984,0.03665512800216675,
257,1570205,0.03632790595293045,
257,1571426,0.036850400269031525,
257,1572647,0.0371362641453743,
257,1573868,0.03567329794168472,
257,1574831,,0.036541152745485306
258,1575089,0.036910124123096466,
258,1576310,0.034719210118055344,
258,1577531,0.03677183762192726,
258,1578752,0.03690406680107117,
258,1579973,0.037109531462192535,
258,1580935,,0.036489490419626236
259,1581194,0.036106906831264496,
259,1582415,0.03682113438844681,
259,1583636,0.03692471235990524,
259,1584857,0.03507252037525177,
259,1586078,0.03732028231024742,
259,1587039,,0.03644297644495964
260,1587299,0.03628477454185486,
260,1588520,0.037229619920253754,
260,1589741,0.036256857216358185,
260,1590962,0.03674151375889778,
260,1592183,0.03720427304506302,
260,1593143,,0.03637992963194847
261,1593404,0.03585571423172951,
261,1594625,0.036888521164655685,
261,1595846,0.03590385988354683,
261,1597067,0.03691646084189415,
261,1598288,0.03641469031572342,
261,1599247,,0.036325350403785706
262,1599509,0.036348942667245865,
262,1600730,0.03686169534921646,
262,1601951,0.03466173633933067,
262,1603172,0.03743675723671913,
262,1604393,0.0371803417801857,
262,1605351,,0.03631625697016716
263,1605614,0.035110704600811005,
263,1606835,0.036243755370378494,
263,1608056,0.03509443253278732,
263,1609277,0.0362308993935585,
263,1610498,0.03581412509083748,
263,1611455,,0.03623630851507187
264,1611719,0.03656238317489624,
264,1612940,0.0353245735168457,
264,1614161,0.036403656005859375,
264,1615382,0.036900099366903305,
264,1616603,0.03494598716497421,
264,1617559,,0.03624216467142105
265,1617824,0.03717248886823654,
265,1619045,0.0357108935713768,
265,1620266,0.03534526377916336,
265,1621487,0.036771100014448166,
265,1622708,0.035985834896564484,
265,1623663,,0.03614935278892517
266,1623929,0.03626895695924759,
266,1625150,0.03606966882944107,
266,1626371,0.03700784593820572,
266,1627592,0.03523232787847519,
266,1628813,0.035301126539707184,
266,1629767,,0.036080922931432724
267,1630034,0.03717120736837387,
267,1631255,0.036713771522045135,
267,1632476,0.036372534930706024,
267,1633697,0.03555065765976906,
267,1634918,0.03546763211488724,
267,1635871,,0.03603459894657135
268,1636139,0.03642755001783371,
268,1637360,0.035615142434835434,
268,1638581,0.0363989993929863,
268,1639802,0.034703537821769714,
268,1641023,0.03617924824357033,
268,1641975,,0.03606382757425308
269,1642244,0.03558569401502609,
269,1643465,0.0358886793255806,
269,1644686,0.03621796518564224,
269,1645907,0.03541220724582672,
269,1647128,0.03696660324931145,
269,1648079,,0.03603028133511543
270,1648349,0.03675249591469765,
270,1649570,0.03496368229389191,
270,1650791,0.03579966723918915,
270,1652012,0.0354776456952095,
270,1653233,0.03658115118741989,
270,1654183,,0.03591882064938545
271,1654454,0.03597952425479889,
271,1655675,0.035678327083587646,
271,1656896,0.03475179895758629,
271,1658117,0.036566637456417084,
271,1659338,0.036307089030742645,
271,1660287,,0.035919029265642166
272,1660559,0.03495229780673981,
272,1661780,0.03717080131173134,
272,1663001,0.035900648683309555,
272,1664222,0.035447001457214355,
272,1665443,0.03529036045074463,
272,1666391,,0.0358748584985733
273,1666664,0.03433118760585785,
273,1667885,0.035943128168582916,
273,1669106,0.03636584430932999,
273,1670327,0.03491754084825516,
273,1671548,0.03617114573717117,
273,1672495,,0.03585105016827583
274,1672769,0.034198760986328125,
274,1673990,0.03616970032453537,
274,1675211,0.03636384755373001,
274,1676432,0.034811556339263916,
274,1677653,0.036586686968803406,
274,1678599,,0.035780489444732666
275,1678874,0.03471273183822632,
275,1680095,0.03602026402950287,
275,1681316,0.03650951012969017,
275,1682537,0.034202151000499725,
275,1683758,0.0365513414144516,
275,1684703,,0.03579946234822273
276,1684979,0.03452739119529724,
276,1686200,0.03649793565273285,
276,1687421,0.034578029066324234,
276,1688642,0.03622385114431381,
276,1689863,0.03456304222345352,
276,1690807,,0.03570625185966492
277,1691084,0.036663755774497986,
277,1692305,0.03495189547538757,
277,1693526,0.03449232131242752,
277,1694747,0.03566696122288704,
277,1695968,0.03563827648758888,
277,1696911,,0.035658612847328186
278,1697189,0.03480518236756325,
278,1698410,0.03523674234747887,
278,1699631,0.0360494926571846,
278,1700852,0.03628230839967728,
278,1702073,0.035813868045806885,
278,1703015,,0.035667695105075836
279,1703294,0.03599967062473297,
279,1704515,0.03397469222545624,
279,1705736,0.03634826838970184,
279,1706957,0.035576146095991135,
279,1708178,0.03654251992702484,
279,1709119,,0.03561509773135185
280,1709399,0.036280274391174316,
280,1710620,0.036025598645210266,
280,1711841,0.0364423431456089,
280,1713062,0.0348418653011322,
280,1714283,0.03672824800014496,
280,1715223,,0.03557657077908516
281,1715504,0.035391271114349365,
281,1716725,0.035929225385189056,
281,1717946,0.03541485592722893,
281,1719167,0.03633934259414673,
281,1720388,0.035238172858953476,
281,1721327,,0.03554472327232361
282,1721609,0.036132052540779114,
282,1722830,0.03487186133861542,
282,1724051,0.035955872386693954,
282,1725272,0.035819392651319504,
282,1726493,0.03478869050741196,
282,1727431,,0.035521917045116425
283,1727714,0.03525778651237488,
283,1728935,0.035426050424575806,
283,1730156,0.035026002675294876,
283,1731377,0.036276813596487045,
283,1732598,0.036587245762348175,
283,1733535,,0.0355229526758194
284,1733819,0.034571170806884766,
284,1735040,0.03501342236995697,
284,1736261,0.035595737397670746,
284,1737482,0.036693040281534195,
284,1738703,0.034774888306856155,
284,1739639,,0.0354410745203495
285,1739924,0.03644440323114395,
285,1741145,0.03512389212846756,
285,1742366,0.0358603298664093,
285,1743587,0.03595219925045967,
285,1744808,0.03609877824783325,
285,1745743,,0.03543241322040558
286,1746029,0.03433839604258537,
286,1747250,0.035427261143922806,
286,1748471,0.033860258758068085,
286,1749692,0.03563806042075157,
286,1750913,0.034999825060367584,
286,1751847,,0.03539454936981201
287,1752134,0.03506629168987274,
287,1753355,0.0360504686832428,
287,1754576,0.034611981362104416,
287,1755797,0.03546546399593353,
287,1757018,0.035621803253889084,
287,1757951,,0.03539194539189339
288,1758239,0.035095661878585815,
288,1759460,0.035677626729011536,
288,1760681,0.0340062752366066,
288,1761902,0.03517168387770653,
288,1763123,0.03495702147483826,
288,1764055,,0.03536118566989899
289,1764344,0.03645213693380356,
289,1765565,0.035603173077106476,
289,1766786,0.035953015089035034,
289,1768007,0.03578673303127289,
289,1769228,0.03429596126079559,
289,1770159,,0.03531566634774208
290,1770449,0.03555142134428024,
290,1771670,0.034065648913383484,
290,1772891,0.03475334495306015,
290,1774112,0.03526577353477478,
290,1775333,0.03412245213985443,
290,1776263,,0.03523537516593933
291,1776554,0.034975454211235046,
291,1777775,0.034732043743133545,
291,1778996,0.03595134615898132,
291,1780217,0.03570600971579552,
291,1781438,0.03502575308084488,
291,1782367,,0.03521392121911049
292,1782659,0.03427911922335625,
292,1783880,0.03566915914416313,
292,1785101,0.03541884943842888,
292,1786322,0.035628657788038254,
292,1787543,0.035908933728933334,
292,1788471,,0.03518690541386604
293,1788764,0.03427734598517418,
293,1789985,0.03570003807544708,
293,1791206,0.03440941870212555,
293,1792427,0.03539562597870827,
293,1793648,0.03595377504825592,
293,1794575,,0.03521343693137169
294,1794869,0.03417614474892616,
294,1796090,0.03465665504336357,
294,1797311,0.034972596913576126,
294,1798532,0.03641228750348091,
294,1799753,0.035456836223602295,
294,1800679,,0.03519907221198082
295,1800974,0.03453037515282631,
295,1802195,0.03527875989675522,
295,1803416,0.035663772374391556,
295,1804637,0.03530741110444069,
295,1805858,0.035073280334472656,
295,1806783,,0.03516156226396561
296,1807079,0.03418886661529541,
296,1808300,0.036184411495923996,
296,1809521,0.035165734589099884,
296,1810742,0.03409980610013008,
296,1811963,0.036099955439567566,
296,1812887,,0.035126637667417526
297,1813184,0.03422551602125168,
297,1814405,0.03525623679161072,
297,1815626,0.03444715961813927,
297,1816847,0.03551505506038666,
297,1818068,0.035123132169246674,
297,1818991,,0.03514806926250458
298,1819289,0.03624153137207031,
298,1820510,0.03508877754211426,
298,1821731,0.035595230758190155,
298,1822952,0.03515496850013733,
298,1824173,0.035683102905750275,
298,1825095,,0.03510332852602005
299,1825394,0.036001041531562805,
299,1826615,0.03371018171310425,
299,1827836,0.036204978823661804,
299,1829057,0.03419308736920357,
299,1830278,0.03559541702270508,
299,1831199,,0.03504129871726036
