epoch,step,train_loss,train_loss_epoch
0,1220,0.059674009680747986,
0,2441,0.05065210908651352,
0,3662,0.04608744755387306,
0,4883,0.04543498903512955,
0,6103,,0.052139103412628174
1,6104,0.0452125146985054,
1,7325,0.04337708652019501,
1,8546,0.04548744112253189,
1,9767,0.0439477264881134,
1,10988,0.04396433010697365,
1,12207,,0.04361669719219208
2,12209,0.04155035316944122,
2,13430,0.04040185362100601,
2,14651,0.04259686917066574,
2,15872,0.04005805030465126,
2,17093,0.04051363468170166,
2,18311,,0.04107677564024925
3,18314,0.04014650732278824,
3,19535,0.03760688751935959,
3,20756,0.040153175592422485,
3,21977,0.03674798086285591,
3,23198,0.037959203124046326,
3,24415,,0.038765814155340195
4,24419,0.037550799548625946,
4,25640,0.036423664540052414,
4,26861,0.03817467391490936,
4,28082,0.037615515291690826,
4,29303,0.03629271686077118,
4,30519,,0.037023913115262985
5,30524,0.0367143377661705,
5,31745,0.036045610904693604,
5,32966,0.03655027598142624,
5,34187,0.03448045998811722,
5,35408,0.03611688315868378,
5,36623,,0.03561869636178017
6,36629,0.033678099513053894,
6,37850,0.03473808616399765,
6,39071,0.03523879498243332,
6,40292,0.03252594172954559,
6,41513,0.03584242984652519,
6,42727,,0.03444889560341835
7,42734,0.032725878059864044,
7,43955,0.033651500940322876,
7,45176,0.03506990522146225,
7,46397,0.03326674550771713,
7,47618,0.0322895273566246,
7,48831,,0.033534228801727295
8,48839,0.034066129475831985,
8,50060,0.032752625644207,
8,51281,0.03289077430963516,
8,52502,0.03306177258491516,
8,53723,0.03331807255744934,
8,54935,,0.03275429084897041
9,54944,0.03294394910335541,
9,56165,0.03102961927652359,
9,57386,0.03167309612035751,
9,58607,0.03229496628046036,
9,59828,0.031853727996349335,
9,61039,,0.032119762152433395
10,61049,0.03192157298326492,
10,62270,0.030260393396019936,
10,63491,0.03322703763842583,
10,64712,0.030651934444904327,
10,65933,0.03148375824093819,
10,67143,,0.03155058994889259
11,67154,0.030897609889507294,
11,68375,0.0303250253200531,
11,69596,0.031693726778030396,
11,70817,0.02895699068903923,
11,72038,0.030334070324897766,
11,73247,,0.031015001237392426
12,73259,0.03104706108570099,
12,74480,0.02995220385491848,
12,75701,0.031163044273853302,
12,76922,0.029368355870246887,
12,78143,0.030733611434698105,
12,79351,,0.030627522617578506
13,79364,0.02941996604204178,
13,80585,0.03011249378323555,
13,81806,0.030428022146224976,
13,83027,0.02997589111328125,
13,84248,0.031364165246486664,
13,85455,,0.03024514950811863
14,85469,0.029108423739671707,
14,86690,0.029449211433529854,
14,87911,0.03069290891289711,
14,89132,0.028931327164173126,
14,90353,0.03195461630821228,
14,91559,,0.029894430190324783
15,91574,0.02944554015994072,
15,92795,0.027675971388816833,
15,94016,0.030068982392549515,
15,95237,0.029758267104625702,
15,96458,0.0294480100274086,
15,97663,,0.02951754443347454
16,97679,0.029518064111471176,
16,98900,0.02863588184118271,
16,100121,0.030321400612592697,
16,101342,0.02930385246872902,
16,102563,0.028713777661323547,
16,103767,,0.029297009110450745
17,103784,0.02964487299323082,
17,105005,0.029160885140299797,
17,106226,0.02846803516149521,
17,107447,0.029410315677523613,
17,108668,0.028968095779418945,
17,109871,,0.02903650887310505
18,109889,0.0292747151106596,
18,111110,0.028012927621603012,
18,112331,0.029271846637129784,
18,113552,0.028997138142585754,
18,114773,0.027674468234181404,
18,115975,,0.028807133436203003
19,115994,0.02844613417983055,
19,117215,0.02800740860402584,
19,118436,0.027765030041337013,
19,119657,0.028761230409145355,
19,120878,0.028408920392394066,
19,122079,,0.028586456552147865
20,122099,0.02920190617442131,
20,123320,0.027205532416701317,
20,124541,0.029064716771245003,
20,125762,0.02772532030940056,
20,126983,0.029032664373517036,
20,128183,,0.02836659923195839
21,128204,0.028316764160990715,
21,129425,0.028066109865903854,
21,130646,0.02890283614397049,
21,131867,0.027414817363023758,
21,133088,0.028510652482509613,
21,134287,,0.02817879058420658
22,134309,0.028361158445477486,
22,135530,0.027352601289749146,
22,136751,0.029228026047348976,
22,137972,0.02708517387509346,
22,139193,0.028051607310771942,
22,140391,,0.027967682108283043
23,140414,0.028257589787244797,
23,141635,0.027657559141516685,
23,142856,0.027719825506210327,
23,144077,0.027891159057617188,
23,145298,0.028798438608646393,
23,146495,,0.027845988050103188
24,146519,0.026464024558663368,
24,147740,0.028326421976089478,
24,148961,0.029160110279917717,
24,150182,0.026874948292970657,
24,151403,0.02878856658935547,
24,152599,,0.027670586481690407
25,152624,0.02604445070028305,
25,153845,0.027428152039647102,
25,155066,0.02773713506758213,
25,156287,0.02661551907658577,
25,157508,0.028357205912470818,
25,158703,,0.027558695524930954
26,158729,0.027247123420238495,
26,159950,0.027102496474981308,
26,161171,0.027512002736330032,
26,162392,0.026662370190024376,
26,163613,0.02749699354171753,
26,164807,,0.027392754331231117
27,164834,0.02831355482339859,
27,166055,0.025949763134121895,
27,167276,0.027834776788949966,
27,168497,0.026389971375465393,
27,169718,0.02774319052696228,
27,170911,,0.027229804545640945
28,170939,0.02684398740530014,
28,172160,0.027658849954605103,
28,173381,0.027492742985486984,
28,174602,0.02596752531826496,
28,175823,0.027530930936336517,
28,177015,,0.027087127789855003
29,177044,0.026240967214107513,
29,178265,0.0260437224060297,
29,179486,0.02790500968694687,
29,180707,0.026169678196310997,
29,181928,0.02791697159409523,
29,183119,,0.027000822126865387
30,183149,0.0266059972345829,
30,184370,0.025659648701548576,
30,185591,0.026692815124988556,
30,186812,0.026847748085856438,
30,188033,0.02794543281197548,
30,189223,,0.02684214897453785
31,189254,0.026311473920941353,
31,190475,0.027460066601634026,
31,191696,0.026379544287919998,
31,192917,0.02688615769147873,
31,194138,0.02719591185450554,
31,195327,,0.026784056797623634
32,195359,0.026266463100910187,
32,196580,0.026222405955195427,
32,197801,0.027704879641532898,
32,199022,0.025530178099870682,
32,200243,0.02721616066992283,
32,201431,,0.02662312053143978
33,201464,0.02576490119099617,
33,202685,0.026613790541887283,
33,203906,0.026875801384449005,
33,205127,0.02540608122944832,
33,206348,0.026850000023841858,
33,207535,,0.026538221165537834
34,207569,0.027439842000603676,
34,208790,0.025473859161138535,
34,210011,0.02736266329884529,
34,211232,0.025770094245672226,
34,212453,0.02714218571782112,
34,213639,,0.02645876444876194
35,213674,0.02713959477841854,
35,214895,0.02554577775299549,
35,216116,0.027167856693267822,
35,217337,0.026304621249437332,
35,218558,0.02527685835957527,
35,219743,,0.026354698464274406
36,219779,0.025646032765507698,
36,221000,0.025899440050125122,
36,222221,0.026762420311570168,
36,223442,0.025942232459783554,
36,224663,0.026537859812378883,
36,225847,,0.026224566623568535
37,225884,0.02605399675667286,
37,227105,0.026244398206472397,
37,228326,0.026103943586349487,
37,229547,0.02643987536430359,
37,230768,0.027009520679712296,
37,231951,,0.0261747557669878
38,231989,0.02484077773988247,
38,233210,0.02649383433163166,
38,234431,0.02622128464281559,
38,235652,0.025790970772504807,
38,236873,0.02592453733086586,
38,238055,,0.02604515478014946
39,238094,0.026369178667664528,
39,239315,0.025984320789575577,
39,240536,0.025389045476913452,
39,241757,0.02556198462843895,
39,242978,0.026274701580405235,
39,244159,,0.025997916236519814
40,244199,0.025430351495742798,
40,245420,0.026133768260478973,
40,246641,0.02597571164369583,
40,247862,0.025944292545318604,
40,249083,0.025622781366109848,
40,250263,,0.025913888588547707
41,250304,0.026517778635025024,
41,251525,0.02589765377342701,
41,252746,0.026339394971728325,
41,253967,0.02615448459982872,
41,255188,0.025410082191228867,
41,256367,,0.025835825130343437
42,256409,0.025501877069473267,
42,257630,0.025953516364097595,
42,258851,0.025385089218616486,
42,260072,0.02572297304868698,
42,261293,0.025954250246286392,
42,262471,,0.025766724720597267
43,262514,0.02606365457177162,
43,263735,0.025528017431497574,
43,264956,0.02515403740108013,
43,266177,0.025241941213607788,
43,267398,0.026924841105937958,
43,268575,,0.025700639933347702
44,268619,0.02535630576312542,
44,269840,0.02509251981973648,
44,271061,0.025518376380205154,
44,272282,0.0247814878821373,
44,273503,0.02664477750658989,
44,274679,,0.02564018964767456
45,274724,0.02578892558813095,
45,275945,0.026117045432329178,
45,277166,0.02519305981695652,
45,278387,0.02521216869354248,
45,279608,0.025761734694242477,
45,280783,,0.025532731786370277
46,280829,0.025280846282839775,
46,282050,0.024591337889432907,
46,283271,0.02594970166683197,
46,284492,0.025942424312233925,
46,285713,0.025464504957199097,
46,286887,,0.025531506165862083
47,286934,0.025671107694506645,
47,288155,0.02546202763915062,
47,289376,0.02541552484035492,
47,290597,0.025782663375139236,
47,291818,0.02515873685479164,
47,292991,,0.025422897189855576
48,293039,0.025654416531324387,
48,294260,0.024855876341462135,
48,295481,0.025556765496730804,
48,296702,0.024886537343263626,
48,297923,0.02586757205426693,
48,299095,,0.025393957272171974
49,299144,0.02567237615585327,
49,300365,0.024608064442873,
49,301586,0.025607820600271225,
49,302807,0.02556941658258438,
49,304028,0.02464611455798149,
49,305199,,0.025294985622167587
50,305249,0.025501977652311325,
50,306470,0.024072326719760895,
50,307691,0.025790546089410782,
50,308912,0.02445306070148945,
50,310133,0.025581490248441696,
50,311303,,0.02526414953172207
51,311354,0.0251065194606781,
51,312575,0.025556132197380066,
51,313796,0.02575807273387909,
51,315017,0.024143222719430923,
51,316238,0.025683298707008362,
51,317407,,0.02513689547777176
52,317459,0.024558529257774353,
52,318680,0.02515074610710144,
52,319901,0.02592051401734352,
52,321122,0.023645129054784775,
52,322343,0.025211025029420853,
52,323511,,0.025095641613006592
53,323564,0.024638840928673744,
53,324785,0.025011513382196426,
53,326006,0.024837279692292213,
53,327227,0.025213753804564476,
53,328448,0.02556009776890278,
53,329615,,0.024976907297968864
54,329669,0.02437954768538475,
54,330890,0.024914195761084557,
54,332111,0.025673802942037582,
54,333332,0.02371380850672722,
54,334553,0.025155361741781235,
54,335719,,0.024965006858110428
55,335774,0.024614695459604263,
55,336995,0.025243844836950302,
55,338216,0.024493644014000893,
55,339437,0.023574423044919968,
55,340658,0.02448490634560585,
55,341823,,0.024945231154561043
56,341879,0.025574909523129463,
56,343100,0.024778839200735092,
56,344321,0.024371333420276642,
56,345542,0.025221502408385277,
56,346763,0.02521737478673458,
56,347927,,0.024860776960849762
57,347984,0.025416279211640358,
57,349205,0.023543186485767365,
57,350426,0.025007590651512146,
57,351647,0.024748370051383972,
57,352868,0.024255964905023575,
57,354031,,0.024838224053382874
58,354089,0.02491910755634308,
58,355310,0.024814192205667496,
58,356531,0.02550424635410309,
58,357752,0.023814862594008446,
58,358973,0.02610977739095688,
58,360135,,0.024760950356721878
59,360194,0.02414015680551529,
59,361415,0.02519362047314644,
59,362636,0.02507670968770981,
59,363857,0.024088973179459572,
59,365078,0.025892991572618484,
59,366239,,0.024748021736741066
60,366299,0.02397771179676056,
60,367520,0.02385701984167099,
60,368741,0.02484496310353279,
60,369962,0.0234600268304348,
60,371183,0.02525312453508377,
60,372343,,0.024677369743585587
61,372404,0.024314936250448227,
61,373625,0.02504061535000801,
61,374846,0.024891722947359085,
61,376067,0.024298878386616707,
61,377288,0.024336006492376328,
61,378447,,0.024605493992567062
62,378509,0.024235481396317482,
62,379730,0.024348709732294083,
62,380951,0.024171195924282074,
62,382172,0.023973019793629646,
62,383393,0.025607388466596603,
62,384551,,0.024608686566352844
63,384614,0.024056170135736465,
63,385835,0.024502117186784744,
63,387056,0.02479117549955845,
63,388277,0.02456371672451496,
63,389498,0.02389756217598915,
63,390655,,0.024565357714891434
64,390719,0.024311991408467293,
64,391940,0.02422391064465046,
64,393161,0.024432184174656868,
64,394382,0.024327997118234634,
64,395603,0.02462095394730568,
64,396759,,0.024510586634278297
65,396824,0.02391626685857773,
65,398045,0.024998370558023453,
65,399266,0.024669161066412926,
65,400487,0.0242837592959404,
65,401708,0.023933045566082,
65,402863,,0.024405721575021744
66,402929,0.02331003174185753,
66,404150,0.024658190086483955,
66,405371,0.024530109018087387,
66,406592,0.024484802037477493,
66,407813,0.024614758789539337,
66,408967,,0.024438779801130295
67,409034,0.023752499371767044,
67,410255,0.02327178418636322,
67,411476,0.02543092705309391,
67,412697,0.024003740400075912,
67,413918,0.025007296353578568,
67,415071,,0.024410709738731384
68,415139,0.02403305284678936,
68,416360,0.023745523765683174,
68,417581,0.025526102632284164,
68,418802,0.024249151349067688,
68,420023,0.025353476405143738,
68,421175,,0.024369580671191216
69,421244,0.024715203791856766,
69,422465,0.024323508143424988,
69,423686,0.024509310722351074,
69,424907,0.02394619770348072,
69,426128,0.024725010618567467,
69,427279,,0.024342462420463562
70,427349,0.02461707405745983,
70,428570,0.024504179134964943,
70,429791,0.02469940483570099,
70,431012,0.023722417652606964,
70,432233,0.024843813851475716,
70,433383,,0.024282917380332947
71,433454,0.024974454194307327,
71,434675,0.024324407801032066,
71,435896,0.023874901235103607,
71,437117,0.024633029475808144,
71,438338,0.024985987693071365,
71,439487,,0.024253105744719505
72,439559,0.023626238107681274,
72,440780,0.02439740300178528,
72,442001,0.02373885177075863,
72,443222,0.02446971833705902,
72,444443,0.025415703654289246,
72,445591,,0.02418847382068634
73,445664,0.023417912423610687,
73,446885,0.023577798157930374,
73,448106,0.023857200518250465,
73,449327,0.024122901260852814,
73,450548,0.024360934272408485,
73,451695,,0.024188008159399033
74,451769,0.02474246919155121,
74,452990,0.024718157947063446,
74,454211,0.023593612015247345,
74,455432,0.024016503244638443,
74,456653,0.024059727787971497,
74,457799,,0.02415044605731964
75,457874,0.023600297048687935,
75,459095,0.024099886417388916,
75,460316,0.024091018363833427,
75,461537,0.024249957874417305,
75,462758,0.02517605572938919,
75,463903,,0.024155518040060997
76,463979,0.02375311590731144,
76,465200,0.024573057889938354,
76,466421,0.024139609187841415,
76,467642,0.023259161040186882,
76,468863,0.025017619132995605,
76,470007,,0.024093057960271835
77,470084,0.024054424837231636,
77,471305,0.024486426264047623,
77,472526,0.02373209223151207,
77,473747,0.02432825043797493,
77,474968,0.024601498618721962,
77,476111,,0.0240356232970953
78,476189,0.024017561227083206,
78,477410,0.024437882006168365,
78,478631,0.024866703897714615,
78,479852,0.02308984287083149,
78,481073,0.024007972329854965,
78,482215,,0.023997871205210686
79,482294,0.024764971807599068,
79,483515,0.02460525371134281,
79,484736,0.024084948003292084,
79,485957,0.024097751826047897,
79,487178,0.023764438927173615,
79,488319,,0.023983048275113106
80,488399,0.023457344621419907,
80,489620,0.02482292801141739,
80,490841,0.024857670068740845,
80,492062,0.023493481799960136,
80,493283,0.024629510939121246,
80,494423,,0.023935506120324135
81,494504,0.02354484051465988,
81,495725,0.02375698648393154,
81,496946,0.025124209001660347,
81,498167,0.02368217334151268,
81,499388,0.023950088769197464,
81,500527,,0.023922735825181007
82,500609,0.024034902453422546,
82,501830,0.02398194745182991,
82,503051,0.023640282452106476,
82,504272,0.024091146886348724,
82,505493,0.02394770458340645,
82,506631,,0.023859171196818352
83,506714,0.023915227502584457,
83,507935,0.024250786751508713,
83,509156,0.024215906858444214,
83,510377,0.022836390882730484,
83,511598,0.023933731019496918,
83,512735,,0.023856548592448235
84,512819,0.02344350703060627,
84,514040,0.024392087012529373,
84,515261,0.023861519992351532,
84,516482,0.02374141290783882,
84,517703,0.024536412209272385,
84,518839,,0.02382463403046131
85,518924,0.022750183939933777,
85,520145,0.02386508882045746,
85,521366,0.024081172421574593,
85,522587,0.023013975471258163,
85,523808,0.02361040562391281,
85,524943,,0.023807372897863388
86,525029,0.023461023345589638,
86,526250,0.024237219244241714,
86,527471,0.02348274737596512,
86,528692,0.024057071655988693,
86,529913,0.023161770775914192,
86,531047,,0.02373604103922844
87,531134,0.023667551577091217,
87,532355,0.024083495140075684,
87,533576,0.024337321519851685,
87,534797,0.023182518780231476,
87,536018,0.02290038764476776,
87,537151,,0.02374056912958622
88,537239,0.023630065843462944,
88,538460,0.023098239675164223,
88,539681,0.024929627776145935,
88,540902,0.023800930008292198,
88,542123,0.023322612047195435,
88,543255,,0.023670794442296028
89,543344,0.02388634905219078,
89,544565,0.023742422461509705,
89,545786,0.023490674793720245,
89,547007,0.0237774308770895,
89,548228,0.023641152307391167,
89,549359,,0.02367399074137211
90,549449,0.023473873734474182,
90,550670,0.022686515003442764,
90,551891,0.024478450417518616,
90,553112,0.0238298699259758,
90,554333,0.02348591573536396,
90,555463,,0.02365286834537983
91,555554,0.024128053337335587,
91,556775,0.023968443274497986,
91,557996,0.02404845878481865,
91,559217,0.023855911567807198,
91,560438,0.02418573386967182,
91,561567,,0.023619510233402252
92,561659,0.024036016315221786,
92,562880,0.02295711450278759,
92,564101,0.023826655000448227,
92,565322,0.022723712027072906,
92,566543,0.02371887117624283,
92,567671,,0.023579876869916916
93,567764,0.022970523685216904,
93,568985,0.023218922317028046,
93,570206,0.024617545306682587,
93,571427,0.022784048691391945,
93,572648,0.02484447881579399,
93,573775,,0.023573804646730423
94,573869,0.02353348396718502,
94,575090,0.023666610941290855,
94,576311,0.022849466651678085,
94,577532,0.02392030693590641,
94,578753,0.022895807400345802,
94,579879,,0.023555302992463112
95,579974,0.023438017815351486,
95,581195,0.022698648273944855,
95,582416,0.024282515048980713,
95,583637,0.023652827367186546,
95,584858,0.023373918607831,
95,585983,,0.023495348170399666
96,586079,0.023289980366826057,
96,587300,0.02257736399769783,
96,588521,0.023262090981006622,
96,589742,0.024491146206855774,
96,590963,0.0239118579775095,
96,592087,,0.02351970598101616
97,592184,0.023678001016378403,
97,593405,0.022659137845039368,
97,594626,0.02324925735592842,
97,595847,0.023112917318940163,
97,597068,0.023353874683380127,
97,598191,,0.02346823923289776
98,598289,0.02269330807030201,
98,599510,0.02333804965019226,
98,600731,0.023775950074195862,
98,601952,0.02310154400765896,
98,603173,0.02440805360674858,
98,604295,,0.02347075194120407
99,604394,0.023647941648960114,
99,605615,0.024169016629457474,
99,606836,0.02383289486169815,
99,608057,0.02321511134505272,
99,609278,0.02443951927125454,
99,610399,,0.023405252024531364
100,610499,0.05244704708456993,
100,611720,0.04753375053405762,
100,612941,0.04868895560503006,
100,614162,0.04764134809374809,
100,615383,0.04619111120700836,
100,616503,,0.048030707985162735
101,616604,0.046381875872612,
101,617825,0.04662518948316574,
101,619046,0.04561466723680496,
101,620267,0.04714337736368179,
101,621488,0.04566170275211334,
101,622607,,0.045825500041246414
102,622709,0.04456494748592377,
102,623930,0.04495770484209061,
102,625151,0.04422391951084137,
102,626372,0.044060416519641876,
102,627593,0.04449258744716644,
102,628711,,0.044691380113363266
103,628814,0.04418507590889931,
103,630035,0.04393693059682846,
103,631256,0.04395487159490585,
103,632477,0.04329894110560417,
103,633698,0.04337508603930473,
103,634815,,0.04366311430931091
104,634919,0.043526142835617065,
104,636140,0.04257935285568237,
104,637361,0.04358382150530815,
104,638582,0.04304277524352074,
104,639803,0.042223088443279266,
104,640919,,0.04276641085743904
105,641024,0.04244844987988472,
105,642245,0.04196980223059654,
105,643466,0.04122902452945709,
105,644687,0.0421224907040596,
105,645908,0.04189876839518547,
105,647023,,0.04195532947778702
106,647129,0.04112660139799118,
106,648350,0.04217223823070526,
106,649571,0.0421689972281456,
106,650792,0.04127727821469307,
106,652013,0.04183715209364891,
106,653127,,0.041202738881111145
107,653234,0.03973288834095001,
107,654455,0.040743350982666016,
107,655676,0.03990510106086731,
107,656897,0.03953613340854645,
107,658118,0.04057227820158005,
107,659231,,0.040465157479047775
108,659339,0.04048546776175499,
108,660560,0.03938991576433182,
108,661781,0.039987869560718536,
108,663002,0.040160611271858215,
108,664223,0.0398389995098114,
108,665335,,0.03984016180038452
109,665444,0.03924604505300522,
109,666665,0.03963399678468704,
109,667886,0.038857266306877136,
109,669107,0.03899576514959335,
109,670328,0.038535382598638535,
109,671439,,0.039208222180604935
110,671549,0.039061471819877625,
110,672770,0.03853446990251541,
110,673991,0.036860235035419464,
110,675212,0.03882812708616257,
110,676433,0.03896282613277435,
110,677543,,0.038644809275865555
111,677654,0.037860509008169174,
111,678875,0.03920905664563179,
111,680096,0.03822450339794159,
111,681317,0.037833161652088165,
111,682538,0.03744298219680786,
111,683647,,0.03815042972564697
112,683759,0.037685032933950424,
112,684980,0.037729401141405106,
112,686201,0.036965567618608475,
112,687422,0.038600511848926544,
112,688643,0.03787755221128464,
112,689751,,0.03766311705112457
113,689864,0.03739169239997864,
113,691085,0.03774880990386009,
113,692306,0.03730424866080284,
113,693527,0.03722846508026123,
113,694748,0.03766834735870361,
113,695855,,0.03727635741233826
114,695969,0.03704378753900528,
114,697190,0.03721613436937332,
114,698411,0.03630771487951279,
114,699632,0.036136195063591,
114,700853,0.036320704966783524,
114,701959,,0.03687950223684311
115,702074,0.037625502794981,
115,703295,0.03650522977113724,
115,704516,0.03672608733177185,
115,705737,0.036196161061525345,
115,706958,0.03647621348500252,
115,708063,,0.036516498774290085
116,708179,0.03708822652697563,
116,709400,0.03679916262626648,
116,710621,0.036361753940582275,
116,711842,0.036769334226846695,
116,713063,0.03568185865879059,
116,714167,,0.036126758903265
117,714284,0.03598260134458542,
117,715505,0.03558714687824249,
117,716726,0.03561163693666458,
117,717947,0.03585420176386833,
117,719168,0.03615475445985794,
117,720271,,0.03582942485809326
118,720389,0.03558049350976944,
118,721610,0.03594397008419037,
118,722831,0.03482756018638611,
118,724052,0.03536378592252731,
118,725273,0.035450614988803864,
118,726375,,0.03553896024823189
119,726494,0.0345572829246521,
119,727715,0.035984985530376434,
119,728936,0.03504403680562973,
119,730157,0.03543785586953163,
119,731378,0.03526289016008377,
119,732479,,0.0352560356259346
120,732599,0.035207077860832214,
120,733820,0.034879617393016815,
120,735041,0.03473871201276779,
120,736262,0.03461385890841484,
120,737483,0.03458264842629433,
120,738583,,0.035007137805223465
121,738704,0.03497026115655899,
121,739925,0.03444662690162659,
121,741146,0.03384505212306976,
121,742367,0.03479395806789398,
121,743588,0.03437727317214012,
121,744687,,0.034715037792921066
122,744809,0.03505535423755646,
122,746030,0.034860119223594666,
122,747251,0.03428628295660019,
122,748472,0.034954555332660675,
122,749693,0.034898705780506134,
122,750791,,0.034506335854530334
123,750914,0.03368885815143585,
123,752135,0.03485304117202759,
123,753356,0.03426136448979378,
123,754577,0.0338577963411808,
123,755798,0.0342361256480217,
123,756895,,0.03430788964033127
124,757019,0.03440634906291962,
124,758240,0.03469951078295708,
124,759461,0.03415247052907944,
124,760682,0.034481607377529144,
124,761903,0.03338933736085892,
124,762999,,0.034129705280065536
125,763124,0.03473716974258423,
125,764345,0.033291712403297424,
125,765566,0.03316322714090347,
125,766787,0.033868663012981415,
125,768008,0.033514268696308136,
125,769103,,0.03394145146012306
126,769229,0.03414041921496391,
126,770450,0.03334619104862213,
126,771671,0.03398981690406799,
126,772892,0.033793214708566666,
126,774113,0.0334085151553154,
126,775207,,0.03367113694548607
127,775334,0.033055707812309265,
127,776555,0.03354276716709137,
127,777776,0.03368232026696205,
127,778997,0.032407499849796295,
127,780218,0.03299276903271675,
127,781311,,0.03351886197924614
128,781439,0.03306099772453308,
128,782660,0.033235497772693634,
128,783881,0.03393092006444931,
128,785102,0.03319694846868515,
128,786323,0.03309917822480202,
128,787415,,0.03336514160037041
129,787544,0.03336985409259796,
129,788765,0.03286822885274887,
129,789986,0.032596342265605927,
129,791207,0.03313163295388222,
129,792428,0.03332366794347763,
129,793519,,0.03322749212384224
130,793649,0.03332056850194931,
130,794870,0.03333118557929993,
130,796091,0.033193789422512054,
130,797312,0.03358311951160431,
130,798533,0.032425351440906525,
130,799623,,0.03311628848314285
131,799754,0.032827623188495636,
131,800975,0.032995108515024185,
131,802196,0.03262138366699219,
131,803417,0.032893408089876175,
131,804638,0.032434575259685516,
131,805727,,0.032931260764598846
132,805859,0.0327640026807785,
132,807080,0.0324300155043602,
132,808301,0.03272034600377083,
132,809522,0.032877709716558456,
132,810743,0.033010032027959824,
132,811831,,0.03278930112719536
133,811964,0.032770879566669464,
133,813185,0.0321369394659996,
133,814406,0.03238193690776825,
133,815627,0.03290969133377075,
133,816848,0.03256656974554062,
133,817935,,0.03258662670850754
134,818069,0.03250257670879364,
134,819290,0.032395876944065094,
134,820511,0.03230229765176773,
134,821732,0.03332461789250374,
134,822953,0.032465383410453796,
134,824039,,0.03252788260579109
135,824174,0.03324064239859581,
135,825395,0.03339487686753273,
135,826616,0.03192291408777237,
135,827837,0.032119423151016235,
135,829058,0.03266392648220062,
135,830143,,0.0324106439948082
136,830279,0.03196530044078827,
136,831500,0.03149173781275749,
136,832721,0.03273504227399826,
136,833942,0.03130611404776573,
136,835163,0.031929221004247665,
136,836247,,0.03226616978645325
137,836384,0.03174448013305664,
137,837605,0.032112281769514084,
137,838826,0.03187864273786545,
137,840047,0.03187406808137894,
137,841268,0.03212655335664749,
137,842351,,0.032117441296577454
138,842489,0.03209640085697174,
138,843710,0.03196936473250389,
138,844931,0.031588997691869736,
138,846152,0.031718865036964417,
138,847373,0.032308321446180344,
138,848455,,0.032078903168439865
139,848594,0.03251064196228981,
139,849815,0.03234201297163963,
139,851036,0.031868454068899155,
139,852257,0.031718820333480835,
139,853478,0.03198988363146782,
139,854559,,0.03197009488940239
140,854699,0.03180666267871857,
140,855920,0.03254384547472,
140,857141,0.03169667720794678,
140,858362,0.031421612948179245,
140,859583,0.03178919851779938,
140,860663,,0.03188532963395119
141,860804,0.03231527656316757,
141,862025,0.03135038912296295,
141,863246,0.03181863948702812,
141,864467,0.0318867564201355,
141,865688,0.031463757157325745,
141,866767,,0.03177453204989433
142,866909,0.031842298805713654,
142,868130,0.031669169664382935,
142,869351,0.031790584325790405,
142,870572,0.030836476013064384,
142,871793,0.030864425003528595,
142,872871,,0.03166305646300316
143,873014,0.03254510089755058,
143,874235,0.03166817128658295,
143,875456,0.03121141903102398,
143,876677,0.031509287655353546,
143,877898,0.03170783817768097,
143,878975,,0.03164191544055939
144,879119,0.03128083050251007,
144,880340,0.03082096576690674,
144,881561,0.03122156858444214,
144,882782,0.03197326511144638,
144,884003,0.03216104209423065,
144,885079,,0.03150578588247299
145,885224,0.03134152293205261,
145,886445,0.031682681292295456,
145,887666,0.031675852835178375,
145,888887,0.03048996441066265,
145,890108,0.03194393217563629,
145,891183,,0.03139735758304596
146,891329,0.03153618425130844,
146,892550,0.03077242150902748,
146,893771,0.031606368720531464,
146,894992,0.03159697353839874,
146,896213,0.03167388588190079,
146,897287,,0.03132839500904083
147,897434,0.03178064152598381,
147,898655,0.03152243793010712,
147,899876,0.030552323907613754,
147,901097,0.030475474894046783,
147,902318,0.03145325928926468,
147,903391,,0.031242363154888153
148,903539,0.03098842315375805,
148,904760,0.031031683087348938,
148,905981,0.031021881848573685,
148,907202,0.031099747866392136,
148,908423,0.031957533210515976,
148,909495,,0.031197044998407364
149,909644,0.031004399061203003,
149,910865,0.031046360731124878,
149,912086,0.03150156885385513,
149,913307,0.03090411052107811,
149,914528,0.03106190823018551,
149,915599,,0.03105955198407173
150,915749,0.03055005706846714,
150,916970,0.030741039663553238,
150,918191,0.030503030866384506,
150,919412,0.03127673640847206,
150,920633,0.03099539689719677,
150,921703,,0.031021054834127426
151,921854,0.031676940619945526,
151,923075,0.030606795102357864,
151,924296,0.03123617172241211,
151,925517,0.030525367707014084,
151,926738,0.030599508434534073,
151,927807,,0.030952585861086845
152,927959,0.03126135095953941,
152,929180,0.03125443309545517,
152,930401,0.03064546547830105,
152,931622,0.030726108700037003,
152,932843,0.031179657205939293,
152,933911,,0.03087814711034298
153,934064,0.0306028351187706,
153,935285,0.03019910492002964,
153,936506,0.030226778239011765,
153,937727,0.030978627502918243,
153,938948,0.03109132871031761,
153,940015,,0.03083028644323349
154,940169,0.031294990330934525,
154,941390,0.030563734471797943,
154,942611,0.031023986637592316,
154,943832,0.03030422516167164,
154,945053,0.03066476806998253,
154,946119,,0.030764825642108917
155,946274,0.030731093138456345,
155,947495,0.030651524662971497,
155,948716,0.03066372498869896,
155,949937,0.030822398141026497,
155,951158,0.030887525528669357,
155,952223,,0.03072309121489525
156,952379,0.030836498364806175,
156,953600,0.030478300526738167,
156,954821,0.03047671541571617,
156,956042,0.029962632805109024,
156,957263,0.030160292983055115,
156,958327,,0.03065481409430504
157,958484,0.030687615275382996,
157,959705,0.031025100499391556,
157,960926,0.030546054244041443,
157,962147,0.030439451336860657,
157,963368,0.030521711334586143,
157,964431,,0.030605530366301537
158,964589,0.03044811077415943,
158,965810,0.03069867566227913,
158,967031,0.03076302260160446,
158,968252,0.029027245938777924,
158,969473,0.030457358807325363,
158,970535,,0.030515845865011215
159,970694,0.030681369826197624,
159,971915,0.030511237680912018,
159,973136,0.030462196096777916,
159,974357,0.030317947268486023,
159,975578,0.030798012390732765,
159,976639,,0.030482608824968338
160,976799,0.030550651252269745,
160,978020,0.03062787838280201,
160,979241,0.03025110252201557,
160,980462,0.030454713851213455,
160,981683,0.029620062559843063,
160,982743,,0.030431250110268593
161,982904,0.030033225193619728,
161,984125,0.03059403784573078,
161,985346,0.029747512191534042,
161,986567,0.030654244124889374,
161,987788,0.030221818014979362,
161,988847,,0.030372636392712593
162,989009,0.02935539372265339,
162,990230,0.030432868748903275,
162,991451,0.030229797586798668,
162,992672,0.0304892398416996,
162,993893,0.030671272426843643,
162,994951,,0.030340909957885742
163,995114,0.0297849141061306,
163,996335,0.030870255082845688,
163,997556,0.030130239203572273,
163,998777,0.02988618239760399,
163,999998,0.029853053390979767,
163,1001055,,0.030272187665104866
164,1001219,0.03028668463230133,
164,1002440,0.030832871794700623,
164,1003661,0.030246727168560028,
164,1004882,0.0305130984634161,
164,1006103,0.028944551944732666,
164,1007159,,0.03021494299173355
165,1007324,0.03012957237660885,
165,1008545,0.02992602437734604,
165,1009766,0.030200093984603882,
165,1010987,0.02976907044649124,
165,1012208,0.029932137578725815,
165,1013263,,0.030176227912306786
166,1013429,0.030300799757242203,
166,1014650,0.02984272688627243,
166,1015871,0.0301530659198761,
166,1017092,0.02975144423544407,
166,1018313,0.029994424432516098,
166,1019367,,0.030118374153971672
167,1019534,0.029007267206907272,
167,1020755,0.029974056407809258,
167,1021976,0.02963763102889061,
167,1023197,0.03046107292175293,
167,1024418,0.029844805598258972,
167,1025471,,0.030094828456640244
168,1025639,0.029636099934577942,
168,1026860,0.03016090765595436,
168,1028081,0.02994653396308422,
168,1029302,0.02980772778391838,
168,1030523,0.03012234717607498,
168,1031575,,0.030036436393857002
169,1031744,0.03020424023270607,
169,1032965,0.029223591089248657,
169,1034186,0.030270524322986603,
169,1035407,0.02994753047823906,
169,1036628,0.02993466705083847,
169,1037679,,0.029985258355736732
170,1037849,0.030505526810884476,
170,1039070,0.029596896842122078,
170,1040291,0.02985481359064579,
170,1041512,0.030000627040863037,
170,1042733,0.03003401681780815,
170,1043783,,0.029943780973553658
171,1043954,0.029988253489136696,
171,1045175,0.029185011982917786,
171,1046396,0.030092893168330193,
171,1047617,0.03007545880973339,
171,1048838,0.030397597700357437,
171,1049887,,0.02990536391735077
172,1050059,0.03048539161682129,
172,1051280,0.030044090002775192,
172,1052501,0.030097732320427895,
172,1053722,0.03000544384121895,
172,1054943,0.030120743438601494,
172,1055991,,0.02989985980093479
173,1056164,0.029993467032909393,
173,1057385,0.02940477430820465,
173,1058606,0.029451994225382805,
173,1059827,0.030368324369192123,
173,1061048,0.029310395941138268,
173,1062095,,0.029796386137604713
174,1062269,0.029674366116523743,
174,1063490,0.030095037072896957,
174,1064711,0.029823632910847664,
174,1065932,0.029673131182789803,
174,1067153,0.030089404433965683,
174,1068199,,0.029812626540660858
175,1068374,0.029615353792905807,
175,1069595,0.029490159824490547,
175,1070816,0.029418064281344414,
175,1072037,0.029657989740371704,
175,1073258,0.029397131875157356,
175,1074303,,0.029785236343741417
176,1074479,0.029821481555700302,
176,1075700,0.030158981680870056,
176,1076921,0.030385134741663933,
176,1078142,0.029243510216474533,
176,1079363,0.029758911579847336,
176,1080407,,0.029698621481657028
177,1080584,0.030449016019701958,
177,1081805,0.030169252306222916,
177,1083026,0.03027026355266571,
177,1084247,0.029515234753489494,
177,1085468,0.0294109508395195,
177,1086511,,0.02969554252922535
178,1086689,0.02978065237402916,
178,1087910,0.029896635562181473,
178,1089131,0.02971258945763111,
178,1090352,0.02953057736158371,
178,1091573,0.029881928116083145,
178,1092615,,0.02967747673392296
179,1092794,0.030123194679617882,
179,1094015,0.02892012894153595,
179,1095236,0.029622655361890793,
179,1096457,0.0299488827586174,
179,1097678,0.029068652540445328,
179,1098719,,0.029627075418829918
180,1098899,0.030106941238045692,
180,1100120,0.029268436133861542,
180,1101341,0.029178686439990997,
180,1102562,0.029921261593699455,
180,1103783,0.029516233131289482,
180,1104823,,0.02958918735384941
181,1105004,0.030338330194354057,
181,1106225,0.02938227355480194,
181,1107446,0.028559276834130287,
181,1108667,0.02976759895682335,
181,1109888,0.028566675260663033,
181,1110927,,0.029556941241025925
182,1111109,0.029230371117591858,
182,1112330,0.03037232905626297,
182,1113551,0.029366888105869293,
182,1114772,0.029479701071977615,
182,1115993,0.029157664626836777,
182,1117031,,0.029538163915276527
183,1117214,0.029467137530446053,
183,1118435,0.02881089225411415,
183,1119656,0.029416020959615707,
183,1120877,0.02997465431690216,
183,1122098,0.02988940104842186,
183,1123135,,0.029486680403351784
184,1123319,0.029651831835508347,
184,1124540,0.029292989522218704,
184,1125761,0.02959071472287178,
184,1126982,0.02939337119460106,
184,1128203,0.02944573014974594,
184,1129239,,0.029497306793928146
185,1129424,0.02886553481221199,
185,1130645,0.029617298394441605,
185,1131866,0.02986551634967327,
185,1133087,0.029866397380828857,
185,1134308,0.029570281505584717,
185,1135343,,0.029419872909784317
186,1135529,0.029533572494983673,
186,1136750,0.029044246301054955,
186,1137971,0.029418662190437317,
186,1139192,0.02973325178027153,
186,1140413,0.02999977394938469,
186,1141447,,0.029403546825051308
187,1141634,0.029444459825754166,
187,1142855,0.029374977573752403,
187,1144076,0.028726965188980103,
187,1145297,0.029070302844047546,
187,1146518,0.028830964118242264,
187,1147551,,0.029391195625066757
188,1147739,0.029156360775232315,
188,1148960,0.02926183119416237,
188,1150181,0.029362501576542854,
188,1151402,0.02921636961400509,
188,1152623,0.029669497162103653,
188,1153655,,0.029356958344578743
189,1153844,0.02928304485976696,
189,1155065,0.02950339764356613,
189,1156286,0.02954106405377388,
189,1157507,0.029604006558656693,
189,1158728,0.029650256037712097,
189,1159759,,0.029298966750502586
190,1159949,0.029181383550167084,
190,1161170,0.029282700270414352,
190,1162391,0.029302498325705528,
190,1163612,0.02923363819718361,
190,1164833,0.02981874719262123,
190,1165863,,0.02925047278404236
191,1166054,0.028963811695575714,
191,1167275,0.029118284583091736,
191,1168496,0.028768379241228104,
191,1169717,0.02916795015335083,
191,1170938,0.02959781140089035,
191,1171967,,0.029254527762532234
192,1172159,0.029294947162270546,
192,1173380,0.02963084727525711,
192,1174601,0.029527485370635986,
192,1175822,0.029084697365760803,
192,1177043,0.02926543541252613,
192,1178071,,0.029262974858283997
193,1178264,0.029058517888188362,
193,1179485,0.029398195445537567,
193,1180706,0.029722046107053757,
193,1181927,0.02882501482963562,
193,1183148,0.02949822135269642,
193,1184175,,0.029187548905611038
194,1184369,0.029534416273236275,
194,1185590,0.028833676129579544,
194,1186811,0.02830475941300392,
194,1188032,0.028744861483573914,
194,1189253,0.02900979109108448,
194,1190279,,0.029159536585211754
195,1190474,0.029751259833574295,
195,1191695,0.02974364161491394,
195,1192916,0.02915799990296364,
195,1194137,0.028555281460285187,
195,1195358,0.028628770262002945,
195,1196383,,0.029189039021730423
196,1196579,0.02908853441476822,
196,1197800,0.028667975217103958,
196,1199021,0.028555169701576233,
196,1200242,0.02951214089989662,
196,1201463,0.029836978763341904,
196,1202487,,0.029153594747185707
197,1202684,0.028252845630049706,
197,1203905,0.028874509036540985,
197,1205126,0.02975858561694622,
197,1206347,0.02888154610991478,
197,1207568,0.02979717217385769,
197,1208591,,0.0291104968637228
198,1208789,0.02947898767888546,
198,1210010,0.029134228825569153,
198,1211231,0.029761768877506256,
198,1212452,0.029461849480867386,
198,1213673,0.029147403314709663,
198,1214695,,0.029114652425050735
199,1214894,0.028422903269529343,
199,1216115,0.029150456190109253,
199,1217336,0.028691554442048073,
199,1218557,0.029232636094093323,
199,1219778,0.02892148867249489,
199,1220799,,0.02907462604343891
200,1220999,0.058254677802324295,
200,1222220,0.052805203944444656,
200,1223441,0.05052082985639572,
200,1224662,0.049505118280649185,
200,1225883,0.04896979406476021,
200,1226903,,0.051209330558776855
201,1227104,0.04822317138314247,
201,1228325,0.04735816642642021,
201,1229546,0.04720691218972206,
201,1230767,0.046690262854099274,
201,1231988,0.04599115625023842,
201,1233007,,0.04698951542377472
202,1233209,0.04630247503519058,
202,1234430,0.04561271890997887,
202,1235651,0.04567448049783707,
202,1236872,0.04533784091472626,
202,1238093,0.04532431438565254,
202,1239111,,0.04559660330414772
203,1239314,0.04503767937421799,
203,1240535,0.04530218616127968,
203,1241756,0.044912487268447876,
203,1242977,0.044407181441783905,
203,1244198,0.044494397938251495,
203,1245215,,0.04474009573459625
204,1245419,0.0443083792924881,
204,1246640,0.04414045065641403,
204,1247861,0.04482749104499817,
204,1249082,0.04374171048402786,
204,1250303,0.044036347419023514,
204,1251319,,0.04413902387022972
205,1251524,0.04426209628582001,
205,1252745,0.044391535222530365,
205,1253966,0.043025001883506775,
205,1255187,0.04368361085653305,
205,1256408,0.04332949221134186,
205,1257423,,0.04369103163480759
206,1257629,0.043130867183208466,
206,1258850,0.04349272698163986,
206,1260071,0.04342212527990341,
206,1261292,0.04319092258810997,
206,1262513,0.04321484640240669,
206,1263527,,0.04329565539956093
207,1263734,0.04272613674402237,
207,1264955,0.043121952563524246,
207,1266176,0.042423028498888016,
207,1267397,0.04231393337249756,
207,1268618,0.04304379224777222,
207,1269631,,0.04293422773480415
208,1269839,0.04373402148485184,
208,1271060,0.0433419868350029,
208,1272281,0.04244827479124069,
208,1273502,0.04252258688211441,
208,1274723,0.04236656427383423,
208,1275735,,0.04267609491944313
209,1275944,0.042606886476278305,
209,1277165,0.04257819056510925,
209,1278386,0.04290100187063217,
209,1279607,0.042339153587818146,
209,1280828,0.041917309165000916,
209,1281839,,0.04234473779797554
210,1282049,0.04193749278783798,
210,1283270,0.04231913387775421,
210,1284491,0.04216473922133446,
210,1285712,0.042605508118867874,
210,1286933,0.04145768657326698,
210,1287943,,0.04214096441864967
211,1288154,0.04235962778329849,
211,1289375,0.042513422667980194,
211,1290596,0.04178117215633392,
211,1291817,0.04083506762981415,
211,1293038,0.04130350425839424,
211,1294047,,0.04188936948776245
212,1294259,0.0413539782166481,
212,1295480,0.04191536828875542,
212,1296701,0.0409943051636219,
212,1297922,0.04185935854911804,
212,1299143,0.04203912615776062,
212,1300151,,0.041674476116895676
213,1300364,0.042035751044750214,
213,1301585,0.04136475548148155,
213,1302806,0.040632084012031555,
213,1304027,0.041007835417985916,
213,1305248,0.04195708781480789,
213,1306255,,0.041453808546066284
214,1306469,0.041239432990550995,
214,1307690,0.04120786488056183,
214,1308911,0.04120558500289917,
214,1310132,0.04166838154196739,
214,1311353,0.04093676805496216,
214,1312359,,0.04125363007187843
215,1312574,0.04137125238776207,
215,1313795,0.0408681184053421,
215,1315016,0.04073086380958557,
215,1316237,0.04120168834924698,
215,1317458,0.04038754478096962,
215,1318463,,0.04107794538140297
216,1318679,0.0413980633020401,
216,1319900,0.04082009568810463,
216,1321121,0.04114776477217674,
216,1322342,0.04111348092556,
216,1323563,0.04086964949965477,
216,1324567,,0.04087674245238304
217,1324784,0.04045010358095169,
217,1326005,0.0413346067070961,
217,1327226,0.04106340557336807,
217,1328447,0.04044787958264351,
217,1329668,0.04075026139616966,
217,1330671,,0.04069116339087486
218,1330889,0.041400596499443054,
218,1332110,0.041314203292131424,
218,1333331,0.040849719196558,
218,1334552,0.04009126126766205,
218,1335773,0.03995589166879654,
218,1336775,,0.040524885058403015
219,1336994,0.04082227498292923,
219,1338215,0.040729932487010956,
219,1339436,0.04030386358499527,
219,1340657,0.04040421545505524,
219,1341878,0.04065052047371864,
219,1342879,,0.04037799686193466
220,1343099,0.04077892750501633,
220,1344320,0.04000991955399513,
220,1345541,0.04052336513996124,
220,1346762,0.040538083761930466,
220,1347983,0.040724851191043854,
220,1348983,,0.04028870165348053
221,1349204,0.040081966668367386,
221,1350425,0.04074710234999657,
221,1351646,0.03959467262029648,
221,1352867,0.04011089727282524,
221,1354088,0.04002269357442856,
221,1355087,,0.040045738220214844
222,1355309,0.03947793319821358,
222,1356530,0.04002451151609421,
222,1357751,0.03916417807340622,
222,1358972,0.03918737173080444,
222,1360193,0.039962347596883774,
222,1361191,,0.03991017863154411
223,1361414,0.03983321413397789,
223,1362635,0.04024658352136612,
223,1363856,0.038891784846782684,
223,1365077,0.040371041744947433,
223,1366298,0.03935457766056061,
223,1367295,,0.03978320211172104
224,1367519,0.03974083811044693,
224,1368740,0.039716172963380814,
224,1369961,0.0398169681429863,
224,1371182,0.0400371216237545,
224,1372403,0.03933291509747505,
224,1373399,,0.039677657186985016
225,1373624,0.03990722447633743,
225,1374845,0.0390266552567482,
225,1376066,0.039319224655628204,
225,1377287,0.03920087218284607,
225,1378508,0.039666395634412766,
225,1379503,,0.039543163031339645
226,1379729,0.03982602804899216,
226,1380950,0.03945289924740791,
226,1382171,0.03938006982207298,
226,1383392,0.039335932582616806,
226,1384613,0.039145201444625854,
226,1385607,,0.03938952088356018
227,1385834,0.03923025727272034,
227,1387055,0.039274994283914566,
227,1388276,0.03972844406962395,
227,1389497,0.03902521729469299,
227,1390718,0.03920485079288483,
227,1391711,,0.03929438814520836
228,1391939,0.03913264349102974,
228,1393160,0.03912501409649849,
228,1394381,0.03926786780357361,
228,1395602,0.039064012467861176,
228,1396823,0.03890824690461159,
228,1397815,,0.039157044142484665
229,1398044,0.03831091523170471,
229,1399265,0.039324015378952026,
229,1400486,0.038851603865623474,
229,1401707,0.039746105670928955,
229,1402928,0.0393652506172657,
229,1403919,,0.03904245048761368
230,1404149,0.03925279527902603,
230,1405370,0.0394110307097435,
230,1406591,0.03928866609930992,
230,1407812,0.04006066918373108,
230,1409033,0.03881683573126793,
230,1410023,,0.038962509483098984
231,1410254,0.039314787834882736,
231,1411475,0.038651399314403534,
231,1412696,0.03920329362154007,
231,1413917,0.039797499775886536,
231,1415138,0.039168618619441986,
231,1416127,,0.03885958716273308
232,1416359,0.03891583904623985,
232,1417580,0.03894869238138199,
232,1418801,0.03883206471800804,
232,1420022,0.03897072747349739,
232,1421243,0.03913141041994095,
232,1422231,,0.03873716667294502
233,1422464,0.03923356905579567,
233,1423685,0.03907502815127373,
233,1424906,0.038964271545410156,
233,1426127,0.0383400097489357,
233,1427348,0.039092063903808594,
233,1428335,,0.038631659001111984
234,1428569,0.03834298998117447,
234,1429790,0.038994237780570984,
234,1431011,0.038927726447582245,
234,1432232,0.038360729813575745,
234,1433453,0.03837946429848671,
234,1434439,,0.03855972737073898
235,1434674,0.03855697438120842,
235,1435895,0.038721729069948196,
235,1437116,0.03826400637626648,
235,1438337,0.03901015222072601,
235,1439558,0.038312215358018875,
235,1440543,,0.038473330438137054
236,1440779,0.03849494829773903,
236,1442000,0.03844150900840759,
236,1443221,0.03850012272596359,
236,1444442,0.038428083062171936,
236,1445663,0.038611020892858505,
236,1446647,,0.03837526962161064
237,1446884,0.03832172602415085,
237,1448105,0.03872774541378021,
237,1449326,0.038463376462459564,
237,1450547,0.03846532851457596,
237,1451768,0.038337819278240204,
237,1452751,,0.03826043754816055
238,1452989,0.03880167007446289,
238,1454210,0.03891608491539955,
238,1455431,0.03766430914402008,
238,1456652,0.037661969661712646,
238,1457873,0.03831890970468521,
238,1458855,,0.038187138736248016
239,1459094,0.03795392066240311,
239,1460315,0.0377434678375721,
239,1461536,0.03826943784952164,
239,1462757,0.03808015212416649,
239,1463978,0.03861229121685028,
239,1464959,,0.038125183433294296
240,1465199,0.03761371970176697,
240,1466420,0.03783920407295227,
240,1467641,0.03809802234172821,
240,1468862,0.038336947560310364,
240,1470083,0.03822682797908783,
240,1471063,,0.03804349899291992
241,1471304,0.038330793380737305,
241,1472525,0.03806944191455841,
241,1473746,0.037495583295822144,
241,1474967,0.037411488592624664,
241,1476188,0.037697553634643555,
241,1477167,,0.03798976540565491
242,1477409,0.037895336747169495,
242,1478630,0.03799699619412422,
242,1479851,0.037811487913131714,
242,1481072,0.03744375705718994,
242,1482293,0.03771226853132248,
242,1483271,,0.03787648305296898
243,1483514,0.03788013756275177,
243,1484735,0.03788525611162186,
243,1485956,0.03804223984479904,
243,1487177,0.037913765758275986,
243,1488398,0.03883947432041168,
243,1489375,,0.03779265284538269
244,1489619,0.03841830790042877,
244,1490840,0.03769122064113617,
244,1492061,0.0378667488694191,
244,1493282,0.03831663727760315,
244,1494503,0.0382227785885334,
244,1495479,,0.03772406280040741
245,1495724,0.036969300359487534,
245,1496945,0.03737526386976242,
245,1498166,0.03796819597482681,
245,1499387,0.03867947310209274,
245,1500608,0.03674885258078575,
245,1501583,,0.03767700865864754
246,1501829,0.03742624819278717,
246,1503050,0.038327015936374664,
246,1504271,0.037723563611507416,
246,1505492,0.03744663670659065,
246,1506713,0.03741586580872536,
246,1507687,,0.037595584988594055
247,1507934,0.03737691789865494,
247,1509155,0.037447988986968994,
247,1510376,0.03709784150123596,
247,1511597,0.03718654811382294,
247,1512818,0.03733920305967331,
247,1513791,,0.03750362992286682
248,1514039,0.036924637854099274,
248,1515260,0.037493519484996796,
248,1516481,0.03780569136142731,
248,1517702,0.03715113550424576,
248,1518923,0.037697821855545044,
248,1519895,,0.03749058395624161
249,1520144,0.03736606985330582,
249,1521365,0.037598252296447754,
249,1522586,0.03688189387321472,
249,1523807,0.037416741251945496,
249,1525028,0.03753736615180969,
249,1525999,,0.03739491105079651
250,1526249,0.037505947053432465,
250,1527470,0.03703217953443527,
250,1528691,0.037473998963832855,
250,1529912,0.037170350551605225,
250,1531133,0.03723257780075073,
250,1532103,,0.037310000509023666
251,1532354,0.03663680702447891,
251,1533575,0.037073925137519836,
251,1534796,0.03719550371170044,
251,1536017,0.03760770335793495,
251,1537238,0.03745430335402489,
251,1538207,,0.03724649176001549
252,1538459,0.03806088864803314,
252,1539680,0.036665476858615875,
252,1540901,0.03718040883541107,
252,1542122,0.03713449090719223,
252,1543343,0.03714393824338913,
252,1544311,,0.03720908612012863
253,1544564,0.037280626595020294,
253,1545785,0.036652565002441406,
253,1547006,0.03712041676044464,
253,1548227,0.03706394135951996,
253,1549448,0.03727026283740997,
253,1550415,,0.037178512662649155
254,1550669,0.03728574514389038,
254,1551890,0.03689070791006088,
254,1553111,0.03714509680867195,
254,1554332,0.036897335201501846,
254,1555553,0.03671550378203392,
254,1556519,,0.03711647167801857
255,1556774,0.0371941402554512,
255,1557995,0.03763735294342041,
255,1559216,0.036679282784461975,
255,1560437,0.03683173656463623,
255,1561658,0.03663678839802742,
255,1562623,,0.03705009073019028
256,1562879,0.036226265132427216,
256,1564100,0.036947932094335556,
256,1565321,0.03683876991271973,
256,1566542,0.03713884949684143,
256,1567763,0.03667699173092842,
256,1568727,,0.03700372949242592
257,1568984,0.03685051202774048,
257,1570205,0.03678717464208603,
257,1571426,0.036713145673274994,
257,1572647,0.03719509392976761,
257,1573868,0.0366826169192791,
257,1574831,,0.036893971264362335
258,1575089,0.03629476577043533,
258,1576310,0.036684200167655945,
258,1577531,0.03670615702867508,
258,1578752,0.0371561236679554,
258,1579973,0.03677897900342941,
258,1580935,,0.03691396862268448
259,1581194,0.037079907953739166,
259,1582415,0.037048742175102234,
259,1583636,0.036272913217544556,
259,1584857,0.036382660269737244,
259,1586078,0.037240926176309586,
259,1587039,,0.03681401163339615
260,1587299,0.03664485365152359,
260,1588520,0.03753868490457535,
260,1589741,0.03723575547337532,
260,1590962,0.036924708634614944,
260,1592183,0.03722215071320534,
260,1593143,,0.03682059794664383
261,1593404,0.0366666316986084,
261,1594625,0.036797527223825455,
261,1595846,0.03627593815326691,
261,1597067,0.03680633008480072,
261,1598288,0.03669572249054909,
261,1599247,,0.03674808517098427
262,1599509,0.03706323727965355,
262,1600730,0.03629104048013687,
262,1601951,0.036310091614723206,
262,1603172,0.03679061681032181,
262,1604393,0.03666185587644577,
262,1605351,,0.03670099750161171
263,1605614,0.03585120290517807,
263,1606835,0.03754561394453049,
263,1608056,0.03666550666093826,
263,1609277,0.03634929284453392,
263,1610498,0.036082588136196136,
263,1611455,,0.036659784615039825
264,1611719,0.036385778337717056,
264,1612940,0.03673746436834335,
264,1614161,0.03651849925518036,
264,1615382,0.036724600940942764,
264,1616603,0.03638350963592529,
264,1617559,,0.036566443741321564
265,1617824,0.03631022945046425,
265,1619045,0.03676885366439819,
265,1620266,0.03711988776922226,
265,1621487,0.03663358837366104,
265,1622708,0.03631066530942917,
265,1623663,,0.03658042848110199
266,1623929,0.03655325993895531,
266,1625150,0.03730142489075661,
266,1626371,0.0366877019405365,
266,1627592,0.03627084940671921,
266,1628813,0.03657631576061249,
266,1629767,,0.036539655178785324
267,1630034,0.03655017167329788,
267,1631255,0.03655320405960083,
267,1632476,0.03616217523813248,
267,1633697,0.035848017781972885,
267,1634918,0.0364709198474884,
267,1635871,,0.03644794598221779
268,1636139,0.036560576409101486,
268,1637360,0.03655090928077698,
268,1638581,0.035960838198661804,
268,1639802,0.0357612669467926,
268,1641023,0.03682413697242737,
268,1641975,,0.03642098233103752
269,1642244,0.03654225915670395,
269,1643465,0.03577814996242523,
269,1644686,0.036617111414670944,
269,1645907,0.03606095537543297,
269,1647128,0.036968789994716644,
269,1648079,,0.03638825938105583
270,1648349,0.03707628324627876,
270,1649570,0.03602059558033943,
270,1650791,0.03538600355386734,
270,1652012,0.03715080767869949,
270,1653233,0.03636115416884422,
270,1654183,,0.03632605820894241
271,1654454,0.036818914115428925,
271,1655675,0.03690077364444733,
271,1656896,0.03646676242351532,
271,1658117,0.0360044464468956,
271,1659338,0.03606043756008148,
271,1660287,,0.036294665187597275
272,1660559,0.036377355456352234,
272,1661780,0.03598015755414963,
272,1663001,0.035751570016145706,
272,1664222,0.03705817833542824,
272,1665443,0.036207158118486404,
272,1666391,,0.036292023956775665
273,1666664,0.03595186397433281,
273,1667885,0.036843642592430115,
273,1669106,0.03590754419565201,
273,1670327,0.036469101905822754,
273,1671548,0.03559935465455055,
273,1672495,,0.03621690347790718
274,1672769,0.036562222987413406,
274,1673990,0.03555324673652649,
274,1675211,0.03655615448951721,
274,1676432,0.03641040250658989,
274,1677653,0.03607653081417084,
274,1678599,,0.03618546575307846
275,1678874,0.0364665761590004,
275,1680095,0.036280471831560135,
275,1681316,0.03612024337053299,
275,1682537,0.03654246777296066,
275,1683758,0.0360013023018837,
275,1684703,,0.03616131842136383
276,1684979,0.035683561116456985,
276,1686200,0.03555446118116379,
276,1687421,0.036839552223682404,
276,1688642,0.03591897711157799,
276,1689863,0.03625473007559776,
276,1690807,,0.03611217811703682
277,1691084,0.03593513369560242,
277,1692305,0.035997308790683746,
277,1693526,0.03574519231915474,
277,1694747,0.03560511767864227,
277,1695968,0.036586981266736984,
277,1696911,,0.036063894629478455
278,1697189,0.036202967166900635,
278,1698410,0.03634209558367729,
278,1699631,0.03565574437379837,
278,1700852,0.03601396083831787,
278,1702073,0.03606836497783661,
278,1703015,,0.03605039417743683
279,1703294,0.03576727211475372,
279,1704515,0.035627543926239014,
279,1705736,0.035521380603313446,
279,1706957,0.03574959188699722,
279,1708178,0.035850685089826584,
279,1709119,,0.036037378013134
280,1709399,0.036179691553115845,
280,1710620,0.03541308641433716,
280,1711841,0.035955898463726044,
280,1713062,0.03649900108575821,
280,1714283,0.03562416881322861,
280,1715223,,0.03596410155296326
281,1715504,0.035672396421432495,
281,1716725,0.035835061222314835,
281,1717946,0.03502555936574936,
281,1719167,0.035610273480415344,
281,1720388,0.035081904381513596,
281,1721327,,0.035953182727098465
282,1721609,0.035800009965896606,
282,1722830,0.035960789769887924,
282,1724051,0.03612907975912094,
282,1725272,0.03620942682027817,
282,1726493,0.03546340391039848,
282,1727431,,0.035901546478271484
283,1727714,0.035988181829452515,
283,1728935,0.03532131016254425,
283,1730156,0.03597627207636833,
283,1731377,0.03569742292165756,
283,1732598,0.035238392651081085,
283,1733535,,0.03590431064367294
284,1733819,0.03633073717355728,
284,1735040,0.03533990681171417,
284,1736261,0.03640596568584442,
284,1737482,0.035591065883636475,
284,1738703,0.0359671376645565,
284,1739639,,0.03584984689950943
285,1739924,0.03625025972723961,
285,1741145,0.035905785858631134,
285,1742366,0.03582635149359703,
285,1743587,0.03588761389255524,
285,1744808,0.03588072955608368,
285,1745743,,0.03583633154630661
286,1746029,0.03583753854036331,
286,1747250,0.03582613915205002,
286,1748471,0.035759635269641876,
286,1749692,0.03591129183769226,
286,1750913,0.03592471033334732,
286,1751847,,0.035769641399383545
287,1752134,0.03648942708969116,
287,1753355,0.0351545512676239,
287,1754576,0.03622400760650635,
287,1755797,0.03653658926486969,
287,1757018,0.03584916889667511,
287,1757951,,0.035781797021627426
288,1758239,0.035918593406677246,
288,1759460,0.035643674433231354,
288,1760681,0.03584472835063934,
288,1761902,0.035845428705215454,
288,1763123,0.03547540679574013,
288,1764055,,0.035742517560720444
289,1764344,0.03588780015707016,
289,1765565,0.036104656755924225,
289,1766786,0.03574030101299286,
289,1768007,0.03574560582637787,
289,1769228,0.03630800172686577,
289,1770159,,0.03572092950344086
290,1770449,0.03617746755480766,
290,1771670,0.0353236123919487,
290,1772891,0.035807348787784576,
290,1774112,0.036802805960178375,
290,1775333,0.035143643617630005,
290,1776263,,0.03572367504239082
291,1776554,0.03553900122642517,
291,1777775,0.03524690866470337,
291,1778996,0.03572869300842285,
291,1780217,0.034880660474300385,
291,1781438,0.036243222653865814,
291,1782367,,0.03560507297515869
292,1782659,0.03548923507332802,
292,1783880,0.035161588340997696,
292,1785101,0.035513997077941895,
292,1786322,0.034934014081954956,
292,1787543,0.03576628863811493,
292,1788471,,0.03566683083772659
293,1788764,0.035712677985429764,
293,1789985,0.0351303331553936,
293,1791206,0.035069145262241364,
293,1792427,0.03606848418712616,
293,1793648,0.03604632616043091,
293,1794575,,0.035621900111436844
294,1794869,0.0356733500957489,
294,1796090,0.036141254007816315,
294,1797311,0.035847604274749756,
294,1798532,0.03517153859138489,
294,1799753,0.03564533591270447,
294,1800679,,0.035590093582868576
295,1800974,0.03472278267145157,
295,1802195,0.035170845687389374,
295,1803416,0.035499732941389084,
295,1804637,0.03526382893323898,
295,1805858,0.03517652302980423,
295,1806783,,0.03553701564669609
296,1807079,0.0352250300347805,
296,1808300,0.03579599782824516,
296,1809521,0.035327646881341934,
296,1810742,0.03555510938167572,
296,1811963,0.0350056067109108,
296,1812887,,0.03550226613879204
297,1813184,0.03512125462293625,
297,1814405,0.03558675944805145,
297,1815626,0.035362549126148224,
297,1816847,0.035684458911418915,
297,1818068,0.035334981977939606,
297,1818991,,0.03551747277379036
298,1819289,0.035273753106594086,
298,1820510,0.035614605993032455,
298,1821731,0.035261452198028564,
298,1822952,0.03539981693029404,
298,1824173,0.03563874959945679,
298,1825095,,0.035478342324495316
299,1825394,0.035272903740406036,
299,1826615,0.03559185564517975,
299,1827836,0.035465821623802185,
299,1829057,0.03550548106431961,
299,1830278,0.03549432381987572,
299,1831199,,0.0354289673268795
